Time,Time2,LAT,LONG,TEMP1C,TEMP1F
17:40:40,40:40.3,44.47492,-73.191105,27.5,81.5
17:40:41,40:41.3,44.47492,-73.19112,27.5,81.5
17:40:42,40:42.3,44.47491833,-73.19113333,27.75,81.95
17:40:43,40:43.3,44.47492,-73.19115,27.75,81.95
17:40:44,40:44.3,44.474925,-73.19116833,27.5,81.5
17:40:45,40:45.3,44.47493,-73.19118667,27.75,81.95
17:40:46,40:46.3,44.47493667,-73.19120667,27.75,81.95
17:40:47,40:47.3,44.47493833,-73.191225,27.5,81.5
17:40:48,40:48.3,44.47494,-73.191245,27.25,81.05
17:40:49,40:49.3,44.47493667,-73.19126667,27.5,81.5
17:40:50,40:50.3,44.47493667,-73.19128333,27.5,81.5
17:40:51,40:51.3,44.47493833,-73.1913,27.5,81.5
17:40:52,40:52.3,44.47493833,-73.19132,27.5,81.5
17:40:53,40:53.3,44.47493833,-73.19133667,26.5,79.7
17:40:54,40:54.3,44.47493833,-73.19135167,27.5,81.5
17:40:55,40:55.3,44.47493833,-73.19136833,27.25,81.05
17:40:56,40:56.3,44.474945,-73.19138667,27.25,81.05
17:40:57,40:57.3,44.47495167,-73.191405,27.25,81.05
17:40:58,40:58.3,44.47495833,-73.19142333,27.25,81.05
17:40:59,40:59.3,44.47497,-73.19144167,27.25,81.05
17:41:00,41:00.3,44.47497833,-73.19145833,27.25,81.05
17:41:01,41:01.3,44.47498667,-73.19147333,27.25,81.05
17:41:02,41:02.3,44.47499333,-73.19148667,27.25,81.05
17:41:03,41:03.3,44.47500333,-73.1915,27.25,81.05
17:41:04,41:04.3,44.47501,-73.19151333,27.5,81.5
17:41:05,41:05.3,44.47501667,-73.19152833,27.75,81.95
17:41:06,41:06.3,44.47502167,-73.19153833,26,78.8
17:41:07,41:07.3,44.47502667,-73.19154833,27.5,81.5
17:41:08,41:08.3,44.475035,-73.19156,27.75,81.95
17:41:09,41:09.3,44.47504167,-73.19157167,27.75,81.95
17:41:10,41:10.3,44.47505,-73.19158667,27.75,81.95
17:41:11,41:11.3,44.47506,-73.19159833,27.75,81.95
17:41:12,41:12.3,44.47506667,-73.19161167,27.75,81.95
17:41:13,41:13.3,44.47507333,-73.19162667,28,82.4
17:41:14,41:14.3,44.47508,-73.19164,19.75,67.55
17:41:15,41:15.3,44.475085,-73.191655,27.75,81.95
17:41:16,41:16.3,44.47509,-73.19166833,27.75,81.95
17:41:17,41:17.3,44.47509667,-73.19168333,27.75,81.95
17:41:18,41:18.3,44.47510667,-73.19170167,27.75,81.95
17:41:19,41:19.3,44.47511167,-73.19171833,28,82.4
17:41:20,41:20.3,44.47512167,-73.19173333,28,82.4
17:41:21,41:21.3,44.47513167,-73.19175,28,82.4
17:41:22,41:22.3,44.47514,-73.19177,26.75,80.15
17:41:23,41:23.3,44.47514667,-73.191785,28.5,83.3
17:41:24,41:24.3,44.47515167,-73.19179667,28.5,83.3
17:41:25,41:25.3,44.47516,-73.19181167,28.75,83.75
17:41:26,41:26.3,44.47516667,-73.19182667,28.75,83.75
17:41:27,41:27.3,44.475175,-73.19184333,28.75,83.75
17:41:28,41:28.3,44.47518333,-73.19185667,28.75,83.75
17:41:29,41:29.3,44.47519167,-73.19187167,28.5,83.3
17:41:30,41:30.3,44.47519667,-73.19188667,28.75,83.75
17:41:31,41:31.3,44.47520333,-73.19190167,28.75,83.75
17:41:32,41:32.3,44.47521,-73.19191667,28.75,83.75
17:41:33,41:33.3,44.47521667,-73.19193167,29,84.2
17:41:34,41:34.3,44.475225,-73.19194833,28.75,83.75
17:41:35,41:35.3,44.47523167,-73.19196167,28.75,83.75
17:41:36,41:36.3,44.47523833,-73.191975,28.5,83.3
17:41:37,41:37.3,44.475245,-73.19199167,28.75,83.75
17:41:38,41:38.3,44.47525,-73.19200667,28.5,83.3
17:41:39,41:39.3,44.47525333,-73.19202,28.75,83.75
17:41:40,41:40.3,44.47525833,-73.19203333,28.75,83.75
17:41:41,41:41.3,44.475265,-73.19204833,28.75,83.75
17:41:42,41:42.3,44.47527167,-73.19206333,28.75,83.75
17:41:43,41:43.3,44.47527667,-73.19207833,28.75,83.75
17:41:44,41:44.3,44.47528167,-73.19209167,28.75,83.75
17:41:45,41:45.3,44.47529,-73.192105,28.75,83.75
17:41:46,41:46.3,44.47529667,-73.19211833,28.5,83.3
17:41:47,41:47.3,44.47530333,-73.19213167,28.5,83.3
17:41:48,41:48.3,44.47530833,-73.192145,28.5,83.3
17:41:49,41:49.3,44.47531167,-73.19215833,28.75,83.75
17:41:50,41:50.3,44.47531833,-73.19217,28.75,83.75
17:41:51,41:51.3,44.47532167,-73.19218333,28.75,83.75
17:41:52,41:52.3,44.47532833,-73.19219667,28.75,83.75
17:41:53,41:53.3,44.475335,-73.19220833,27,80.6
17:41:54,41:54.3,44.47534,-73.19222333,28.75,83.75
17:41:55,41:55.3,44.475345,-73.19223667,28.5,83.3
17:41:56,41:56.3,44.47535333,-73.19225333,28.25,82.85
17:41:57,41:57.3,44.47536,-73.19227,28,82.4
17:41:58,41:58.3,44.47536833,-73.19228833,28,82.4
17:41:59,41:59.3,44.475375,-73.19230167,28,82.4
17:42:00,42:00.3,44.47538167,-73.19231667,27.75,81.95
17:42:01,42:01.3,44.47539,-73.192335,27.75,81.95
17:42:02,42:02.3,44.4754,-73.19235167,27.75,81.95
17:42:03,42:03.3,44.47541,-73.19236833,27.75,81.95
17:42:04,42:04.3,44.47541833,-73.19238333,27.75,81.95
17:42:05,42:05.3,44.475425,-73.19239667,27.75,81.95
17:42:06,42:06.3,44.47543167,-73.19241,24.75,76.55
17:42:07,42:07.3,44.47543833,-73.19242167,28.25,82.85
17:42:08,42:08.3,44.47544333,-73.192435,28,82.4
17:42:09,42:09.3,44.47545,-73.19245167,27.75,81.95
17:42:10,42:10.3,44.475455,-73.19246667,28,82.4
17:42:11,42:11.3,44.47545667,-73.19247833,28.25,82.85
17:42:12,42:12.3,44.475465,-73.19249167,27.75,81.95
17:42:13,42:13.3,44.47547,-73.1925,27.75,81.95
17:42:14,42:14.3,44.47547333,-73.19251167,26,78.8
17:42:15,42:15.3,44.47548167,-73.19251333,28,82.4
17:42:16,42:16.3,44.47549,-73.192515,28.25,82.85
17:42:17,42:17.3,44.47549333,-73.192515,28.25,82.85
17:42:18,42:18.3,44.475495,-73.19251167,28.25,82.85
17:42:19,42:19.3,44.47549333,-73.19251,28.5,83.3
17:42:20,42:20.3,44.47549,-73.19250833,28.75,83.75
17:42:21,42:21.3,44.47548833,-73.19251,29,84.2
17:42:22,42:22.3,44.47548667,-73.19251333,28.25,82.85
17:42:23,42:23.3,44.47548667,-73.19251333,29.75,85.55
17:42:24,42:24.3,44.47548667,-73.19251333,30,86
17:42:25,42:25.3,44.47548667,-73.19251333,30.25,86.45
17:42:26,42:26.3,44.47548667,-73.19251333,30.5,86.9
17:42:27,42:27.3,44.47548667,-73.19251333,30.75,87.35
17:42:28,42:28.3,44.47548667,-73.19251333,30.75,87.35
17:42:29,42:29.3,44.47548667,-73.19251333,31,87.8
17:42:30,42:30.3,44.47548667,-73.19251333,30.75,87.35
17:42:31,42:31.3,44.47548667,-73.19251333,30.75,87.35
17:42:32,42:32.3,44.475485,-73.19251333,30.5,86.9
17:42:33,42:33.3,44.47548667,-73.19251333,30.25,86.45
17:42:34,42:34.3,44.475485,-73.19251333,30,86
17:42:35,42:35.3,44.475485,-73.19251333,30.25,86.45
17:42:36,42:36.3,44.475485,-73.192495,30.25,86.45
17:42:37,42:37.3,44.475485,-73.19248667,30.5,86.9
17:42:38,42:38.3,44.47548167,-73.19248667,30.5,86.9
17:42:39,42:39.3,44.47547833,-73.192485,30.5,86.9
17:42:40,42:40.3,44.47547667,-73.19248333,30.5,86.9
17:42:41,42:41.3,44.475475,-73.19248167,30.5,86.9
17:42:42,42:42.3,44.475475,-73.19248,30.5,86.9
17:42:43,42:43.3,44.47547333,-73.19247833,30.25,86.45
17:42:44,42:44.3,44.47547333,-73.19247833,30.25,86.45
17:42:45,42:45.3,44.47547333,-73.19247833,30.25,86.45
17:42:46,42:46.3,44.47547333,-73.19247833,30.25,86.45
17:42:47,42:47.3,44.47547167,-73.19248,30.25,86.45
17:42:48,42:48.3,44.47546833,-73.19248167,30,86
17:42:49,42:49.3,44.47546833,-73.19248167,29.75,85.55
17:42:50,42:50.3,44.47547333,-73.19248667,29.75,85.55
17:42:51,42:51.3,44.47548,-73.192485,29.5,85.1
17:42:52,42:52.3,44.47549,-73.19249,29.5,85.1
17:42:53,42:53.3,44.47550167,-73.19249333,28.75,83.75
17:42:54,42:54.3,44.47551333,-73.1925,29,84.2
17:42:55,42:55.3,44.47552667,-73.19250667,29.25,84.65
17:42:56,42:56.3,44.47554,-73.19250667,29,84.2
17:42:57,42:57.3,44.47555,-73.19250667,29.25,84.65
17:42:58,42:58.3,44.47556,-73.19250667,29.25,84.65
17:42:59,42:59.3,44.47557,-73.19250667,29.25,84.65
17:43:00,43:00.3,44.47558167,-73.19251,29.5,85.1
17:43:01,43:01.3,44.47559333,-73.19251167,30,86
17:43:02,43:02.3,44.47560667,-73.19251167,29.75,85.55
17:43:03,43:03.3,44.47561833,-73.19251,29.75,85.55
17:43:04,43:04.3,44.47562833,-73.19251,29.75,85.55
17:43:05,43:05.3,44.47564,-73.19251333,29.75,85.55
17:43:06,43:06.3,44.47565167,-73.192515,28.25,82.85
17:43:07,43:07.3,44.47566333,-73.19251333,29.5,85.1
17:43:08,43:08.3,44.475675,-73.192515,28.75,83.75
17:43:09,43:09.3,44.47568667,-73.19251833,28.75,83.75
17:43:10,43:10.3,44.47569833,-73.19252167,27.75,81.95
17:43:11,43:11.3,44.47570833,-73.192525,28.25,82.85
17:43:12,43:12.3,44.47572,-73.19252833,27.75,81.95
17:43:13,43:13.3,44.47573167,-73.19253,28.75,83.75
17:43:14,43:14.3,44.475745,-73.19253333,27.75,81.95
17:43:15,43:15.3,44.475755,-73.19253667,29.25,84.65
17:43:16,43:16.3,44.47576667,-73.19254,28.75,83.75
17:43:17,43:17.3,44.47578,-73.19254333,29.25,84.65
17:43:18,43:18.3,44.47579167,-73.19254667,28.25,82.85
17:43:19,43:19.3,44.47580167,-73.19255,29.5,85.1
17:43:20,43:20.3,44.475815,-73.19255667,29.25,84.65
17:43:21,43:21.3,44.47582833,-73.19256,29.25,84.65
17:43:22,43:22.3,44.47584167,-73.19256667,27.25,81.05
17:43:23,43:23.3,44.475855,-73.19257167,29.25,84.65
17:43:24,43:24.3,44.47586833,-73.192575,29.25,84.65
17:43:25,43:25.3,44.47587833,-73.19257833,29.5,85.1
17:43:26,43:26.3,44.47589167,-73.19258,29.25,84.65
17:43:27,43:27.3,44.47590333,-73.19258833,29.5,85.1
17:43:28,43:28.3,44.47591667,-73.19259333,29.25,84.65
17:43:29,43:29.3,44.47593167,-73.192595,29.25,84.65
17:43:30,43:30.3,44.47594333,-73.1926,29.25,84.65
17:43:31,43:31.3,44.47595667,-73.19260333,29.25,84.65
17:43:32,43:32.3,44.47597,-73.192605,29.25,84.65
17:43:33,43:33.3,44.475985,-73.19261,29.25,84.65
17:43:34,43:34.3,44.47599667,-73.19261333,29.25,84.65
17:43:35,43:35.3,44.47601167,-73.19261667,29.25,84.65
17:43:36,43:36.3,44.476025,-73.19262167,29.5,85.1
17:43:37,43:37.3,44.47603833,-73.19262333,28.75,83.75
17:43:38,43:38.3,44.47605,-73.19262667,28.75,83.75
17:43:39,43:39.3,44.47606333,-73.19263,28.75,83.75
17:43:40,43:40.3,44.476075,-73.19263333,28.5,83.3
17:43:41,43:41.3,44.47608667,-73.19263333,28.5,83.3
17:43:42,43:42.3,44.47609833,-73.19263667,28.25,82.85
17:43:43,43:43.3,44.47611,-73.19264,28,82.4
17:43:44,43:44.3,44.47612,-73.192645,28.25,82.85
17:43:45,43:45.3,44.47613167,-73.19264833,25.25,77.45
17:43:46,43:46.3,44.476145,-73.19265167,27.75,81.95
17:43:47,43:47.3,44.47615667,-73.192655,27.5,81.5
17:43:48,43:48.3,44.47616667,-73.19265833,27.5,81.5
17:43:49,43:49.3,44.47617833,-73.19266167,27.75,81.95
17:43:50,43:50.3,44.47619,-73.19266167,28,82.4
17:43:51,43:51.3,44.47620167,-73.19266333,28.25,82.85
17:43:52,43:52.3,44.476215,-73.19265833,28.25,82.85
17:43:53,43:53.3,44.47622667,-73.19265833,28.25,82.85
17:43:54,43:54.3,44.47624,-73.19266,28.25,82.85
17:43:55,43:55.3,44.47625167,-73.19266,28.5,83.3
17:43:56,43:56.3,44.47626333,-73.19266167,28.5,83.3
17:43:57,43:57.3,44.47627667,-73.19266167,28.75,83.75
17:43:58,43:58.3,44.47629,-73.19266,28.75,83.75
17:43:59,43:59.3,44.47630167,-73.19265833,28.75,83.75
17:44:00,44:00.3,44.476315,-73.19265833,28.75,83.75
17:44:01,44:01.3,44.47632667,-73.19266,28.75,83.75
17:44:02,44:02.3,44.47633667,-73.19266167,29,84.2
17:44:03,44:03.3,44.47634833,-73.19266333,29,84.2
17:44:04,44:04.3,44.47636,-73.192665,29.25,84.65
17:44:05,44:05.3,44.47637333,-73.19266667,29,84.2
17:44:06,44:06.3,44.47638667,-73.19266833,27,80.6
17:44:07,44:07.3,44.47639833,-73.19267,29,84.2
17:44:08,44:08.3,44.47641167,-73.19267333,29,84.2
17:44:09,44:09.3,44.47642333,-73.19267667,29,84.2
17:44:10,44:10.3,44.476435,-73.19268167,29.25,84.65
17:44:11,44:11.3,44.47644833,-73.19268,29.5,85.1
17:44:12,44:12.3,44.47646,-73.19268,29.5,85.1
17:44:13,44:13.3,44.47647167,-73.19268167,29.5,85.1
17:44:14,44:14.3,44.47648333,-73.19268333,29.25,84.65
17:44:15,44:15.3,44.476495,-73.192685,29.5,85.1
17:44:16,44:16.3,44.47650667,-73.19268667,30,86
17:44:17,44:17.3,44.47652,-73.19268833,30.25,86.45
17:44:18,44:18.3,44.47653333,-73.19269167,30,86
17:44:19,44:19.3,44.476545,-73.192695,30,86
17:44:20,44:20.3,44.47655667,-73.19269833,30,86
17:44:21,44:21.3,44.47656667,-73.19269833,28,82.4
17:44:22,44:22.3,44.47657833,-73.1927,30,86
17:44:23,44:23.3,44.47658667,-73.1927,30,86
17:44:24,44:24.3,44.476595,-73.19270333,29.5,85.1
17:44:25,44:25.3,44.476605,-73.192705,29.25,84.65
17:44:26,44:26.3,44.476615,-73.19270667,29.5,85.1
17:44:27,44:27.3,44.47662667,-73.19270833,29.75,85.55
17:44:28,44:28.3,44.47663667,-73.19270667,29.75,85.55
17:44:29,44:29.3,44.47664667,-73.19270833,28,82.4
17:44:30,44:30.3,44.47665667,-73.19270833,29.5,85.1
17:44:31,44:31.3,44.47666833,-73.19271167,29.5,85.1
17:44:32,44:32.3,44.47667833,-73.19271333,29.25,84.65
17:44:33,44:33.3,44.47669333,-73.19271667,29.5,85.1
17:44:34,44:34.3,44.476705,-73.19271667,29.75,85.55
17:44:35,44:35.3,44.47671833,-73.19271833,30,86
17:44:36,44:36.3,44.47673,-73.19272,29.5,85.1
17:44:37,44:37.3,44.47674167,-73.19272167,29.5,85.1
17:44:38,44:38.3,44.47675333,-73.192725,29,84.2
17:44:39,44:39.3,44.476765,-73.19272667,29.75,85.55
17:44:40,44:40.3,44.47677667,-73.19272833,29.75,85.55
17:44:41,44:41.3,44.47678833,-73.19272667,29.5,85.1
17:44:42,44:42.3,44.4768,-73.19272667,29.5,85.1
17:44:43,44:43.3,44.47681167,-73.19272833,29.5,85.1
17:44:44,44:44.3,44.47682333,-73.19272833,27.75,81.95
17:44:45,44:45.3,44.47683667,-73.192725,29.25,84.65
17:44:46,44:46.3,44.47685167,-73.192725,28.75,83.75
17:44:47,44:47.3,44.47686667,-73.192725,28.75,83.75
17:44:48,44:48.3,44.47688,-73.19272333,28.75,83.75
17:44:49,44:49.3,44.47689333,-73.19272333,28.75,83.75
17:44:50,44:50.3,44.47690667,-73.19272167,28.5,83.3
17:44:51,44:51.3,44.47691833,-73.19272167,28.75,83.75
17:44:52,44:52.3,44.47693,-73.192725,29,84.2
17:44:53,44:53.3,44.47694167,-73.19272667,29.5,85.1
17:44:54,44:54.3,44.47695333,-73.19272833,29.5,85.1
17:44:55,44:55.3,44.47696667,-73.19273,29.75,85.55
17:44:56,44:56.3,44.47698,-73.19273,30,86
17:44:57,44:57.3,44.47699333,-73.19273333,30.25,86.45
17:44:58,44:58.3,44.47700833,-73.192735,30.25,86.45
17:44:59,44:59.3,44.47701833,-73.19273667,30.75,87.35
17:45:00,45:00.3,44.47702833,-73.19273667,30.5,86.9
17:45:01,45:01.3,44.47703833,-73.19273833,30.75,87.35
17:45:02,45:02.3,44.47704833,-73.19274,30.5,86.9
17:45:03,45:03.3,44.47706167,-73.19274,31.25,88.25
17:45:04,45:04.3,44.477075,-73.19274,31.5,88.7
17:45:05,45:05.3,44.47708667,-73.19273833,31.25,88.25
17:45:06,45:06.3,44.47709833,-73.19273667,31.25,88.25
17:45:07,45:07.3,44.47711167,-73.19273833,31.25,88.25
17:45:08,45:08.3,44.47712333,-73.19274,31.75,89.15
17:45:09,45:09.3,44.47713667,-73.19273833,31,87.8
17:45:10,45:10.3,44.47714833,-73.19273833,30.75,87.35
17:45:11,45:11.3,44.47716,-73.19273833,31,87.8
17:45:12,45:12.3,44.47717167,-73.19274,30.5,86.9
17:45:13,45:13.3,44.47718333,-73.19274,29.75,85.55
17:45:14,45:14.3,44.47719333,-73.19274,27,80.6
17:45:15,45:15.3,44.477205,-73.19274167,29.5,85.1
17:45:16,45:16.3,44.47721667,-73.192745,29.75,85.55
17:45:17,45:17.3,44.47722833,-73.192745,30,86
17:45:18,45:18.3,44.47724167,-73.19274667,29.75,85.55
17:45:19,45:19.3,44.47725667,-73.19274333,30.25,86.45
17:45:20,45:20.3,44.47727,-73.19273833,30,86
17:45:21,45:21.3,44.47728333,-73.192735,30.25,86.45
17:45:22,45:22.3,44.477295,-73.19273333,30.25,86.45
17:45:23,45:23.3,44.47730833,-73.192735,30.25,86.45
17:45:24,45:24.3,44.47732167,-73.19273333,30.25,86.45
17:45:25,45:25.3,44.47733333,-73.19273333,30.25,86.45
17:45:26,45:26.3,44.47734667,-73.19273333,30.25,86.45
17:45:27,45:27.3,44.47736167,-73.192735,30,86
17:45:28,45:28.3,44.477375,-73.192735,30,86
17:45:29,45:29.3,44.47738667,-73.19273333,25.5,77.9
17:45:30,45:30.3,44.47739833,-73.19273333,29,84.2
17:45:31,45:31.3,44.47741,-73.19273333,29.5,85.1
17:45:32,45:32.3,44.47742167,-73.19273667,29.5,85.1
17:45:33,45:33.3,44.477435,-73.19273667,29.75,85.55
17:45:34,45:34.3,44.47744833,-73.19273833,29.75,85.55
17:45:35,45:35.3,44.47746167,-73.19273833,28,82.4
17:45:36,45:36.3,44.477475,-73.19274,27,80.6
17:45:37,45:37.3,44.47748333,-73.19274167,26,78.8
17:45:38,45:38.3,44.47749333,-73.19274333,20.75,69.35
17:45:39,45:39.3,44.47750333,-73.19274333,28.75,83.75
17:45:40,45:40.3,44.47751333,-73.19274,27.5,81.5
17:45:41,45:41.3,44.477525,-73.19273833,30,86
17:45:42,45:42.3,44.477535,-73.19274,30.5,86.9
17:45:43,45:43.3,44.47754333,-73.19274,28.75,83.75
17:45:44,45:44.3,44.47755333,-73.19274,30,86
17:45:45,45:45.3,44.47756333,-73.19273833,29.75,85.55
17:45:46,45:46.3,44.477575,-73.19273667,30.5,86.9
17:45:47,45:47.3,44.47758833,-73.192735,29.5,85.1
17:45:48,45:48.3,44.47760167,-73.192735,30.5,86.9
17:45:49,45:49.3,44.47761167,-73.19273667,25.5,77.9
17:45:50,45:50.3,44.47762333,-73.19273833,26,78.8
17:45:51,45:51.3,44.477635,-73.19273667,27,80.6
17:45:52,45:52.3,44.47764667,-73.19273667,29,84.2
17:45:53,45:53.3,44.47766167,-73.19273667,29.75,85.55
17:45:54,45:54.3,44.47767333,-73.19273833,27.75,81.95
17:45:55,45:55.3,44.47768667,-73.19273667,26.5,79.7
17:45:56,45:56.3,44.47769667,-73.192735,30.5,86.9
17:45:57,45:57.3,44.47770667,-73.192735,27,80.6
17:45:58,45:58.3,44.47771833,-73.192735,24.25,75.65
17:45:59,45:59.3,44.47773,-73.19273833,26,78.8
17:46:00,46:00.3,44.47774333,-73.19274333,25.25,77.45
17:46:01,46:01.3,44.47775667,-73.19274333,27.5,81.5
17:46:02,46:02.3,44.47777,-73.192745,27.25,81.05
17:46:03,46:03.3,44.47778167,-73.19274667,25,77
17:46:04,46:04.3,44.47779333,-73.19274667,29.5,85.1
17:46:05,46:05.3,44.47780333,-73.19274833,30,86
17:46:06,46:06.3,44.47781333,-73.19275,28,82.4
17:46:07,46:07.3,44.47782333,-73.19275167,30.5,86.9
17:46:08,46:08.3,44.47783333,-73.19275167,30.25,86.45
17:46:09,46:09.3,44.477845,-73.192755,28,82.4
17:46:10,46:10.3,44.47785667,-73.19275833,27.75,81.95
17:46:11,46:11.3,44.47786833,-73.19275667,25.75,78.35
17:46:12,46:12.3,44.47788,-73.192755,25.25,77.45
17:46:13,46:13.3,44.47789,-73.19275833,28.75,83.75
17:46:14,46:14.3,44.4779,-73.19276167,24.25,75.65
17:46:15,46:15.3,44.47790833,-73.19276333,28,82.4
17:46:16,46:16.3,44.47792167,-73.19276167,28.75,83.75
17:46:17,46:17.3,44.47793167,-73.19276333,29,84.2
17:46:18,46:18.3,44.47794333,-73.192765,29.25,84.65
17:46:19,46:19.3,44.477955,-73.192765,29.25,84.65
17:46:20,46:20.3,44.47796667,-73.192765,29.25,84.65
17:46:21,46:21.3,44.47798167,-73.192765,29.75,85.55
17:46:22,46:22.3,44.47799333,-73.19276667,29.75,85.55
17:46:23,46:23.3,44.47800333,-73.19276667,29.25,84.65
17:46:24,46:24.3,44.47801,-73.19277333,29,84.2
17:46:25,46:25.3,44.47802167,-73.19277833,28.75,83.75
17:46:26,46:26.3,44.478035,-73.19277833,28.5,83.3
17:46:27,46:27.3,44.47804667,-73.19277833,28.5,83.3
17:46:28,46:28.3,44.47806,-73.19277667,28.75,83.75
17:46:29,46:29.3,44.47807333,-73.19277667,27.25,81.05
17:46:30,46:30.3,44.478085,-73.19277833,29.25,84.65
17:46:31,46:31.3,44.47809833,-73.19278167,29.25,84.65
17:46:32,46:32.3,44.47811333,-73.19278833,28.75,83.75
17:46:33,46:33.3,44.47812667,-73.192795,28.25,82.85
17:46:34,46:34.3,44.47814,-73.1928,28,82.4
17:46:35,46:35.3,44.47815333,-73.1928,27.75,81.95
17:46:36,46:36.3,44.478165,-73.192805,28.25,82.85
17:46:37,46:37.3,44.47817667,-73.19280667,26.75,80.15
17:46:38,46:38.3,44.47819167,-73.19281167,27,80.6
17:46:39,46:39.3,44.47820333,-73.19281833,28,82.4
17:46:40,46:40.3,44.47821333,-73.19282333,27.75,81.95
17:46:41,46:41.3,44.47822667,-73.19283,28,82.4
17:46:42,46:42.3,44.47823833,-73.19283167,28.25,82.85
17:46:43,46:43.3,44.47824833,-73.19283333,27.75,81.95
17:46:44,46:44.3,44.47826,-73.192835,28,82.4
17:46:45,46:45.3,44.47826833,-73.19283833,28.25,82.85
17:46:46,46:46.3,44.47827667,-73.19284167,28.25,82.85
17:46:47,46:47.3,44.47828667,-73.19284333,28,82.4
17:46:48,46:48.3,44.47829667,-73.192845,28,82.4
17:46:49,46:49.3,44.47830833,-73.192845,28.25,82.85
17:46:50,46:50.3,44.47832,-73.19284833,28,82.4
17:46:51,46:51.3,44.47833333,-73.19285,28.5,83.3
17:46:52,46:52.3,44.47834667,-73.19285167,28,82.4
17:46:53,46:53.3,44.47835667,-73.19284833,28.25,82.85
17:46:54,46:54.3,44.47836833,-73.19285,28.25,82.85
17:46:55,46:55.3,44.47838333,-73.192855,28.25,82.85
17:46:56,46:56.3,44.4784,-73.19285667,28.25,82.85
17:46:57,46:57.3,44.47841667,-73.19285333,28,82.4
17:46:58,46:58.3,44.47843333,-73.192855,28,82.4
17:46:59,46:59.3,44.47844833,-73.19285833,28.25,82.85
17:47:00,47:00.3,44.47846,-73.19285833,28.25,82.85
17:47:01,47:01.3,44.47847333,-73.19286167,28.5,83.3
17:47:02,47:02.3,44.47848667,-73.19286,27.75,81.95
17:47:03,47:03.3,44.4785,-73.19286167,28,82.4
17:47:04,47:04.3,44.47851333,-73.19286333,28,82.4
17:47:05,47:05.3,44.47852667,-73.19286667,28.25,82.85
17:47:06,47:06.3,44.47853667,-73.19287667,26.5,79.7
17:47:07,47:07.3,44.47854667,-73.19288333,28.25,82.85
17:47:08,47:08.3,44.478555,-73.19289,28.25,82.85
17:47:09,47:09.3,44.478565,-73.19289667,28.25,82.85
17:47:10,47:10.3,44.47857833,-73.19290333,28.5,83.3
17:47:11,47:11.3,44.47858833,-73.19291,28.75,83.75
17:47:12,47:12.3,44.47860167,-73.19291667,28.75,83.75
17:47:13,47:13.3,44.47861333,-73.19292333,28.75,83.75
17:47:14,47:14.3,44.478625,-73.19293333,27.75,81.95
17:47:15,47:15.3,44.478635,-73.19294167,28.75,83.75
17:47:16,47:16.3,44.478645,-73.19294667,28.5,83.3
17:47:17,47:17.3,44.47865667,-73.192955,28.25,82.85
17:47:18,47:18.3,44.47867,-73.192965,28.25,82.85
17:47:19,47:19.3,44.47868333,-73.19297167,28.5,83.3
17:47:20,47:20.3,44.4787,-73.19295667,28.75,83.75
17:47:21,47:21.3,44.478715,-73.192955,28.75,83.75
17:47:22,47:22.3,44.47873,-73.19294333,27,80.6
17:47:23,47:23.3,44.47874,-73.19294667,28.75,83.75
17:47:24,47:24.3,44.47875,-73.19294333,28.75,83.75
17:47:25,47:25.3,44.47876,-73.19293667,28.75,83.75
17:47:26,47:26.3,44.47877167,-73.19293,28.75,83.75
17:47:27,47:27.3,44.47878167,-73.192925,28.5,83.3
17:47:28,47:28.3,44.47879333,-73.19292167,28.5,83.3
17:47:29,47:29.3,44.47880167,-73.19291667,28.25,82.85
17:47:30,47:30.3,44.47881333,-73.19290833,28.25,82.85
17:47:31,47:31.3,44.47882333,-73.19290167,28,82.4
17:47:32,47:32.3,44.478835,-73.192895,28.25,82.85
17:47:33,47:33.3,44.47885167,-73.19289333,28,82.4
17:47:34,47:34.3,44.47886667,-73.192895,28,82.4
17:47:35,47:35.3,44.47888,-73.1929,28.5,83.3
17:47:36,47:36.3,44.47889167,-73.19290167,28.25,82.85
17:47:37,47:37.3,44.47890333,-73.1929,28.5,83.3
17:47:38,47:38.3,44.47891333,-73.19289667,28.25,82.85
17:47:39,47:39.3,44.47892333,-73.19289333,28.25,82.85
17:47:40,47:40.3,44.47893667,-73.19289167,28.25,82.85
17:47:41,47:41.3,44.47894833,-73.19288333,28.25,82.85
17:47:42,47:42.3,44.47895333,-73.19286833,28.25,82.85
17:47:43,47:43.3,44.47895833,-73.19285667,28.25,82.85
17:47:44,47:44.3,44.47896167,-73.19284333,28.25,82.85
17:47:45,47:45.3,44.47896667,-73.19282833,28.25,82.85
17:47:46,47:46.3,44.47897167,-73.192815,28.25,82.85
17:47:47,47:47.3,44.478975,-73.19279833,28.5,83.3
17:47:48,47:48.3,44.478975,-73.19278,28.5,83.3
17:47:49,47:49.3,44.478975,-73.19276333,28.25,82.85
17:47:50,47:50.3,44.47898,-73.19275167,28.25,82.85
17:47:51,47:51.3,44.47898333,-73.19273833,28.25,82.85
17:47:52,47:52.3,44.47898833,-73.192725,28.25,82.85
17:47:53,47:53.3,44.47899167,-73.19271333,27,80.6
17:47:54,47:54.3,44.47899833,-73.19270167,28.25,82.85
17:47:55,47:55.3,44.47900167,-73.19269167,28.25,82.85
17:47:56,47:56.3,44.47900667,-73.19268,28.25,82.85
17:47:57,47:57.3,44.47901,-73.19267,28.5,83.3
17:47:58,47:58.3,44.47901333,-73.19266,28.5,83.3
17:47:59,47:59.3,44.47902,-73.19265,28.5,83.3
17:48:00,48:00.3,44.47902833,-73.19264333,28.25,82.85
17:48:01,48:01.3,44.47903667,-73.19263667,28,82.4
17:48:02,48:02.3,44.47904333,-73.19262833,28,82.4
17:48:03,48:03.3,44.47905,-73.19262,28,82.4
17:48:04,48:04.3,44.47905667,-73.19261167,28,82.4
17:48:05,48:05.3,44.479065,-73.19260333,28,82.4
17:48:06,48:06.3,44.47907167,-73.19259333,26.25,79.25
17:48:07,48:07.3,44.47908,-73.192585,28,82.4
17:48:08,48:08.3,44.47909,-73.19257667,28,82.4
17:48:09,48:09.3,44.47910333,-73.19256833,28,82.4
17:48:10,48:10.3,44.47911333,-73.19255667,28,82.4
17:48:11,48:11.3,44.47912167,-73.192545,28,82.4
17:48:12,48:12.3,44.47913,-73.192535,28,82.4
17:48:13,48:13.3,44.47914,-73.19252833,28,82.4
17:48:14,48:14.3,44.47914833,-73.19252333,26.75,80.15
17:48:15,48:15.3,44.47915667,-73.19251833,28.25,82.85
17:48:16,48:16.3,44.47916833,-73.19251333,28.25,82.85
17:48:17,48:17.3,44.47917667,-73.19250833,28.25,82.85
17:48:18,48:18.3,44.47918167,-73.192505,28.25,82.85
17:48:19,48:19.3,44.47918167,-73.19250333,28.25,82.85
17:48:20,48:20.3,44.479185,-73.1925,28,82.4
17:48:21,48:21.3,44.47918833,-73.19249667,28,82.4
17:48:22,48:22.3,44.47919,-73.192495,27.75,81.95
17:48:23,48:23.3,44.47919833,-73.19249,28,82.4
17:48:24,48:24.3,44.47921,-73.19249,28,82.4
17:48:25,48:25.3,44.47921833,-73.19248833,28,82.4
17:48:26,48:26.3,44.47922667,-73.192485,28,82.4
17:48:27,48:27.3,44.47923667,-73.19248333,28,82.4
17:48:28,48:28.3,44.47924667,-73.192485,28.25,82.85
17:48:29,48:29.3,44.47925667,-73.19248167,28.25,82.85
17:48:30,48:30.3,44.479265,-73.19248,28.25,82.85
17:48:31,48:31.3,44.47927333,-73.19247667,28.5,83.3
17:48:32,48:32.3,44.47928167,-73.19247667,28.75,83.75
17:48:33,48:33.3,44.47929167,-73.19247333,28.75,83.75
17:48:34,48:34.3,44.4793,-73.19247167,29,84.2
17:48:35,48:35.3,44.47931167,-73.19247,28.75,83.75
17:48:36,48:36.3,44.47932,-73.19247,28.5,83.3
17:48:37,48:37.3,44.47933167,-73.19247,28.25,82.85
17:48:38,48:38.3,44.47934167,-73.19246833,28.25,82.85
17:48:39,48:39.3,44.47934833,-73.19246333,28,82.4
17:48:40,48:40.3,44.479355,-73.19246333,28,82.4
17:48:41,48:41.3,44.47936333,-73.19246167,28,82.4
17:48:42,48:42.3,44.47937167,-73.19246333,28,82.4
17:48:43,48:43.3,44.47938167,-73.19246333,28,82.4
17:48:44,48:44.3,44.47939167,-73.192465,28.25,82.85
17:48:45,48:45.3,44.47940167,-73.19246833,28.25,82.85
17:48:46,48:46.3,44.47941167,-73.19247,28.25,82.85
17:48:47,48:47.3,44.47941833,-73.19247667,28.5,83.3
17:48:48,48:48.3,44.47942667,-73.19247667,28.5,83.3
17:48:49,48:49.3,44.47943333,-73.19247833,28.5,83.3
17:48:50,48:50.3,44.47944333,-73.19247667,28.5,83.3
17:48:51,48:51.3,44.47945,-73.19247833,28.5,83.3
17:48:52,48:52.3,44.47946167,-73.19247667,28.5,83.3
17:48:53,48:53.3,44.47947333,-73.19248,27.5,81.5
17:48:54,48:54.3,44.479485,-73.19248333,28.5,83.3
17:48:55,48:55.3,44.47949667,-73.19248833,28.5,83.3
17:48:56,48:56.3,44.479505,-73.19249167,28.5,83.3
17:48:57,48:57.3,44.479515,-73.19249833,28.5,83.3
17:48:58,48:58.3,44.479525,-73.19249833,28.5,83.3
17:48:59,48:59.3,44.47953667,-73.19250833,28.5,83.3
17:49:00,49:00.3,44.47954667,-73.19251333,28.5,83.3
17:49:01,49:01.3,44.47955833,-73.19251833,28.75,83.75
17:49:02,49:02.3,44.47956667,-73.192525,28.75,83.75
17:49:03,49:03.3,44.47957833,-73.19252833,28.5,83.3
17:49:04,49:04.3,44.47958833,-73.19253,28.75,83.75
17:49:05,49:05.3,44.47960167,-73.19253,29,84.2
17:49:06,49:06.3,44.479615,-73.19253333,26.75,80.15
17:49:07,49:07.3,44.47962667,-73.19253667,29.5,85.1
17:49:08,49:08.3,44.47964167,-73.19253167,29.5,85.1
17:49:09,49:09.3,44.47965667,-73.19253333,29.75,85.55
17:49:10,49:10.3,44.47967167,-73.19253667,29.5,85.1
17:49:11,49:11.3,44.47968667,-73.19253667,29.5,85.1
17:49:12,49:12.3,44.47970167,-73.19253667,29,84.2
17:49:13,49:13.3,44.47971667,-73.19254333,28.75,83.75
17:49:14,49:14.3,44.47972833,-73.19254667,28.5,83.3
17:49:15,49:15.3,44.47974333,-73.19255,28.25,82.85
17:49:16,49:16.3,44.479755,-73.19255167,28,82.4
17:49:17,49:17.3,44.47976833,-73.192555,28,82.4
17:49:18,49:18.3,44.47978,-73.19255667,28.25,82.85
17:49:19,49:19.3,44.47979167,-73.192565,28.5,83.3
17:49:20,49:20.3,44.47980167,-73.19256833,28.25,82.85
17:49:21,49:21.3,44.47981,-73.19257,28.25,82.85
17:49:22,49:22.3,44.47982,-73.19257333,28.5,83.3
17:49:23,49:23.3,44.47983167,-73.19257833,28.5,83.3
17:49:24,49:24.3,44.47984167,-73.19259,28.75,83.75
17:49:25,49:25.3,44.47985333,-73.19259833,28.75,83.75
17:49:26,49:26.3,44.479865,-73.1926,28.75,83.75
17:49:27,49:27.3,44.47987667,-73.192605,29,84.2
17:49:28,49:28.3,44.47989167,-73.192605,29,84.2
17:49:29,49:29.3,44.479905,-73.19260333,25.75,78.35
17:49:30,49:30.3,44.47991667,-73.19259333,29,84.2
17:49:31,49:31.3,44.479925,-73.192595,29,84.2
17:49:32,49:32.3,44.479925,-73.19260333,29,84.2
17:49:33,49:33.3,44.479935,-73.192605,29,84.2
17:49:34,49:34.3,44.47994167,-73.19260667,29,84.2
17:49:35,49:35.3,44.47995167,-73.19260667,29,84.2
17:49:36,49:36.3,44.47996,-73.19260667,29,84.2
17:49:37,49:37.3,44.47997,-73.19260833,29,84.2
17:49:38,49:38.3,44.47998,-73.19261,29,84.2
17:49:39,49:39.3,44.47998833,-73.19261167,29,84.2
17:49:40,49:40.3,44.48,-73.19261333,28.75,83.75
17:49:41,49:41.3,44.48001333,-73.19261333,28.75,83.75
17:49:42,49:42.3,44.480025,-73.19262,28.75,83.75
17:49:43,49:43.3,44.48003833,-73.192625,29,84.2
17:49:44,49:44.3,44.48005,-73.19263167,29,84.2
17:49:45,49:45.3,44.48005833,-73.19263667,29,84.2
17:49:46,49:46.3,44.48007,-73.19263833,28.75,83.75
17:49:47,49:47.3,44.48008,-73.19264167,28.75,83.75
17:49:48,49:48.3,44.48009167,-73.19264667,28.75,83.75
17:49:49,49:49.3,44.480105,-73.19265333,28.5,83.3
17:49:50,49:50.3,44.480115,-73.19265667,28.5,83.3
17:49:51,49:51.3,44.480125,-73.19266,28.5,83.3
17:49:52,49:52.3,44.48013167,-73.19266333,28.5,83.3
17:49:53,49:53.3,44.48014167,-73.19265333,28.5,83.3
17:49:54,49:54.3,44.48015333,-73.19266167,28.25,82.85
17:49:55,49:55.3,44.480165,-73.19267,28.25,82.85
17:49:56,49:56.3,44.48018,-73.19267667,28,82.4
17:49:57,49:57.3,44.48019333,-73.19268333,28,82.4
17:49:58,49:58.3,44.480205,-73.19269333,28.25,82.85
17:49:59,49:59.3,44.48021333,-73.19270333,28.25,82.85
17:50:00,50:00.3,44.48022333,-73.192715,28.25,82.85
17:50:01,50:01.3,44.48023,-73.19272167,28.25,82.85
17:50:02,50:02.3,44.48023833,-73.19273,28,82.4
17:50:03,50:03.3,44.480245,-73.19273667,28,82.4
17:50:04,50:04.3,44.480255,-73.19275,28.25,82.85
17:50:05,50:05.3,44.480265,-73.19276333,28.25,82.85
17:50:06,50:06.3,44.48027333,-73.19277667,25.75,78.35
17:50:07,50:07.3,44.48028333,-73.19279167,28.5,83.3
17:50:08,50:08.3,44.480295,-73.19280333,28.5,83.3
17:50:09,50:09.3,44.48030667,-73.192815,28.5,83.3
17:50:10,50:10.3,44.48031667,-73.19282667,28.5,83.3
17:50:11,50:11.3,44.480325,-73.19283667,28.5,83.3
17:50:12,50:12.3,44.480335,-73.19285167,28.5,83.3
17:50:13,50:13.3,44.48034833,-73.19286833,28.5,83.3
17:50:14,50:14.3,44.48036,-73.19288333,27.75,81.95
17:50:15,50:15.3,44.48037,-73.192895,28.75,83.75
17:50:16,50:16.3,44.48037667,-73.19291167,28.75,83.75
17:50:17,50:17.3,44.48039167,-73.19292833,28.75,83.75
17:50:18,50:18.3,44.48040167,-73.19294333,29,84.2
17:50:19,50:19.3,44.48041,-73.19296167,28.75,83.75
17:50:20,50:20.3,44.48041833,-73.19297667,29,84.2
17:50:21,50:21.3,44.48042667,-73.192995,29,84.2
17:50:22,50:22.3,44.480435,-73.19300833,29,84.2
17:50:23,50:23.3,44.48044,-73.193025,29.25,84.65
17:50:24,50:24.3,44.48044667,-73.193045,29.25,84.65
17:50:25,50:25.3,44.48045333,-73.19306667,29.5,85.1
17:50:26,50:26.3,44.48046,-73.19308667,29.5,85.1
17:50:27,50:27.3,44.48046333,-73.19310333,29.5,85.1
17:50:28,50:28.3,44.48047,-73.19312333,29.75,85.55
17:50:29,50:29.3,44.48047667,-73.193145,29.75,85.55
17:50:30,50:30.3,44.480485,-73.19316333,29.75,85.55
17:50:31,50:31.3,44.48049167,-73.19318167,29.75,85.55
17:50:32,50:32.3,44.48049833,-73.1932,29.75,85.55
17:50:33,50:33.3,44.48050333,-73.19322,29.75,85.55
17:50:34,50:34.3,44.48050667,-73.19323667,29.75,85.55
17:50:35,50:35.3,44.48050667,-73.19325333,30,86
17:50:36,50:36.3,44.48050833,-73.19326833,29.75,85.55
17:50:37,50:37.3,44.48050667,-73.19328333,26.5,79.7
17:50:38,50:38.3,44.48050333,-73.19329833,29.75,85.55
17:50:39,50:39.3,44.48050333,-73.19331333,29.5,85.1
17:50:40,50:40.3,44.48050667,-73.193325,29.5,85.1
17:50:41,50:41.3,44.48050833,-73.19334167,29.75,85.55
17:50:42,50:42.3,44.48051333,-73.19335833,29.75,85.55
17:50:43,50:43.3,44.48051667,-73.19337333,29.75,85.55
17:50:44,50:44.3,44.480515,-73.19339167,30,86
17:50:45,50:45.3,44.48051333,-73.19341,27.75,81.95
17:50:46,50:46.3,44.480515,-73.193425,30,86
17:50:47,50:47.3,44.48051667,-73.19344167,30,86
17:50:48,50:48.3,44.48051667,-73.19346,30,86
17:50:49,50:49.3,44.48051667,-73.193475,29.75,85.55
17:50:50,50:50.3,44.48051833,-73.19349,29.75,85.55
17:50:51,50:51.3,44.48052167,-73.19350667,30,86
17:50:52,50:52.3,44.48052333,-73.19352333,30,86
17:50:53,50:53.3,44.480525,-73.19353833,30.25,86.45
17:50:54,50:54.3,44.48052833,-73.19355333,30,86
17:50:55,50:55.3,44.48053167,-73.193565,30,86
17:50:56,50:56.3,44.480535,-73.19357833,30,86
17:50:57,50:57.3,44.48053667,-73.19359333,30,86
17:50:58,50:58.3,44.48053833,-73.19361,29.75,85.55
17:50:59,50:59.3,44.48054,-73.19362667,29.75,85.55
17:51:00,51:00.3,44.48054167,-73.19364333,29.75,85.55
17:51:01,51:01.3,44.48054333,-73.19365833,30,86
17:51:02,51:02.3,44.48054667,-73.19368833,30,86
17:51:03,51:03.3,44.48054833,-73.19370333,30,86
17:51:04,51:04.3,44.48055,-73.19372167,30,86
17:51:05,51:05.3,44.480555,-73.19373833,30,86
17:51:06,51:06.3,44.480555,-73.193755,27,80.6
17:51:07,51:07.3,44.48055833,-73.19377167,29.75,85.55
17:51:08,51:08.3,44.480565,-73.19378667,29.25,84.65
17:51:09,51:09.3,44.48056667,-73.1938,29.5,85.1
17:51:10,51:10.3,44.48056667,-73.193815,29.25,84.65
17:51:11,51:11.3,44.48056,-73.19383333,29.5,85.1
17:51:12,51:12.3,44.480555,-73.19385,29.75,85.55
17:51:13,51:13.3,44.48055167,-73.19386667,29.75,85.55
17:51:14,51:14.3,44.48055333,-73.193885,29.5,85.1
17:51:15,51:15.3,44.48055333,-73.1939,29.75,85.55
17:51:16,51:16.3,44.48055667,-73.193915,30,86
17:51:17,51:17.3,44.48055833,-73.19393,30.25,86.45
17:51:18,51:18.3,44.480555,-73.193945,30.25,86.45
17:51:19,51:19.3,44.48055167,-73.19396167,30.25,86.45
17:51:20,51:20.3,44.48055,-73.19397833,30.25,86.45
17:51:21,51:21.3,44.48054833,-73.193995,27.75,81.95
17:51:22,51:22.3,44.48054833,-73.193995,30.25,86.45
17:51:23,51:23.3,44.48054833,-73.19401,30.25,86.45
17:51:24,51:24.3,44.48054833,-73.19402667,30.25,86.45
17:51:25,51:25.3,44.48054833,-73.19404167,30.5,86.9
17:51:26,51:26.3,44.48054833,-73.19405833,30.25,86.45
17:51:27,51:27.3,44.48055,-73.194075,30.5,86.9
17:51:28,51:28.3,44.48055167,-73.19409,30.25,86.45
17:51:29,51:29.3,44.48055333,-73.194105,28.25,82.85
17:51:30,51:30.3,44.480555,-73.19412,30.25,86.45
17:51:31,51:31.3,44.48055333,-73.194135,30.25,86.45
17:51:32,51:32.3,44.48055333,-73.19414667,30,86
17:51:33,51:33.3,44.48055167,-73.19416167,30,86
17:51:34,51:34.3,44.48055,-73.19417667,30.5,86.9
17:51:35,51:35.3,44.480555,-73.19418833,30.5,86.9
17:51:36,51:36.3,44.48055333,-73.19420333,30.5,86.9
17:51:37,51:37.3,44.480555,-73.19421667,30.75,87.35
17:51:38,51:38.3,44.480555,-73.19423333,30.5,86.9
17:51:39,51:39.3,44.48055333,-73.19424833,30,86
17:51:40,51:40.3,44.48055167,-73.19426667,30,86
17:51:41,51:41.3,44.48054667,-73.194285,29.75,85.55
17:51:42,51:42.3,44.48054167,-73.19430167,29.5,85.1
17:51:43,51:43.3,44.48054,-73.19431667,29,84.2
17:51:44,51:44.3,44.48054,-73.19433333,26.5,79.7
17:51:45,51:45.3,44.48054,-73.19435,30.5,86.9
17:51:46,51:46.3,44.48053833,-73.19436667,30.5,86.9
17:51:47,51:47.3,44.48053667,-73.19438333,30.25,86.45
17:51:48,51:48.3,44.48053667,-73.19439667,29.75,85.55
17:51:49,51:49.3,44.48053667,-73.19441167,30,86
17:51:50,51:50.3,44.48053667,-73.194425,30,86
17:51:51,51:51.3,44.480535,-73.19444,30.25,86.45
17:51:52,51:52.3,44.48053667,-73.194455,30,86
17:51:53,51:53.3,44.48053167,-73.19447167,29.75,85.55
17:51:54,51:54.3,44.48052667,-73.19448667,29.5,85.1
17:51:55,51:55.3,44.48052167,-73.19450333,29,84.2
17:51:56,51:56.3,44.48051833,-73.19451833,28.5,83.3
17:51:57,51:57.3,44.48052,-73.194535,28.75,83.75
17:51:58,51:58.3,44.48052,-73.19454833,29,84.2
17:51:59,51:59.3,44.480515,-73.19456,29,84.2
17:52:00,52:00.3,44.48051167,-73.19457333,29,84.2
17:52:01,52:01.3,44.48050667,-73.19459,29,84.2
17:52:02,52:02.3,44.48050167,-73.19460833,29,84.2
17:52:03,52:03.3,44.48049833,-73.19462333,28.75,83.75
17:52:04,52:04.3,44.48049333,-73.19464167,29,84.2
17:52:05,52:05.3,44.48048833,-73.19465833,29,84.2
17:52:06,52:06.3,44.48048167,-73.194675,28.25,82.85
17:52:07,52:07.3,44.48048,-73.19469,29,84.2
17:52:08,52:08.3,44.48047667,-73.19470333,29.25,84.65
17:52:09,52:09.3,44.48047167,-73.19471667,29.25,84.65
17:52:10,52:10.3,44.48047,-73.19473167,29.25,84.65
17:52:11,52:11.3,44.480465,-73.19474833,29.25,84.65
17:52:12,52:12.3,44.48046333,-73.19476333,29.5,85.1
17:52:13,52:13.3,44.48046333,-73.19477833,29.5,85.1
17:52:14,52:14.3,44.480465,-73.19479333,29.5,85.1
17:52:15,52:15.3,44.48046333,-73.19480833,29.5,85.1
17:52:16,52:16.3,44.48046333,-73.194825,29.75,85.55
17:52:17,52:17.3,44.48045833,-73.19483833,29.75,85.55
17:52:18,52:18.3,44.48046167,-73.19485333,29.75,85.55
17:52:19,52:19.3,44.48046167,-73.19486833,29.75,85.55
17:52:20,52:20.3,44.48045833,-73.194885,29.75,85.55
17:52:21,52:21.3,44.48045833,-73.1949,29.75,85.55
17:52:22,52:22.3,44.480455,-73.19491333,29.75,85.55
17:52:23,52:23.3,44.48045167,-73.194925,29.75,85.55
17:52:24,52:24.3,44.48044667,-73.19493667,30,86
17:52:25,52:25.3,44.48044333,-73.19495,30,86
17:52:26,52:26.3,44.48044167,-73.194965,29.75,85.55
17:52:27,52:27.3,44.48043667,-73.19497833,29.75,85.55
17:52:28,52:28.3,44.48043333,-73.19499167,30,86
17:52:29,52:29.3,44.48042833,-73.195005,28.25,82.85
17:52:30,52:30.3,44.48042333,-73.19502,30,86
17:52:31,52:31.3,44.48041833,-73.19503333,30,86
17:52:32,52:32.3,44.480415,-73.19504833,29.75,85.55
17:52:33,52:33.3,44.48041667,-73.195065,30,86
17:52:34,52:34.3,44.48041667,-73.19508333,29.75,85.55
17:52:35,52:35.3,44.48041333,-73.1951,29.75,85.55
17:52:36,52:36.3,44.48041,-73.19511333,29.5,85.1
17:52:37,52:37.3,44.480405,-73.19513,29,84.2
17:52:38,52:38.3,44.4804,-73.195145,29.75,85.55
17:52:39,52:39.3,44.48039167,-73.19515833,30,86
17:52:40,52:40.3,44.48038667,-73.19517333,30,86
17:52:41,52:41.3,44.48038167,-73.195185,30,86
17:52:42,52:42.3,44.48037667,-73.19519667,30,86
17:52:43,52:43.3,44.48037,-73.19521,29.5,85.1
17:52:44,52:44.3,44.480365,-73.195225,29.25,84.65
17:52:45,52:45.3,44.48036167,-73.19524,27.5,81.5
17:52:46,52:46.3,44.48036,-73.195255,29.25,84.65
17:52:47,52:47.3,44.48035833,-73.19526833,29.25,84.65
17:52:48,52:48.3,44.48035167,-73.19528167,29.5,85.1
17:52:49,52:49.3,44.48034667,-73.19529333,29.5,85.1
17:52:50,52:50.3,44.48034333,-73.19530667,29.5,85.1
17:52:51,52:51.3,44.48033167,-73.19531667,29.5,85.1
17:52:52,52:52.3,44.48032667,-73.19533,29.75,85.55
17:52:53,52:53.3,44.48032167,-73.19535167,29.5,85.1
17:52:54,52:54.3,44.48031667,-73.19537167,29.5,85.1
17:52:55,52:55.3,44.48031333,-73.19538667,29.5,85.1
17:52:56,52:56.3,44.48031167,-73.195405,29.5,85.1
17:52:57,52:57.3,44.48031,-73.195425,29.75,85.55
17:52:58,52:58.3,44.48031,-73.19544333,29.5,85.1
17:52:59,52:59.3,44.480305,-73.195455,29.5,85.1
17:53:00,53:00.3,44.4803,-73.19547,29.5,85.1
17:53:01,53:01.3,44.48029667,-73.19548833,29.5,85.1
17:53:02,53:02.3,44.48029167,-73.19550833,29.75,85.55
17:53:03,53:03.3,44.48028833,-73.19552667,29.75,85.55
17:53:04,53:04.3,44.480285,-73.19554667,29.75,85.55
17:53:05,53:05.3,44.48028333,-73.19556667,29.5,85.1
17:53:06,53:06.3,44.48028,-73.19558333,28.25,82.85
17:53:07,53:07.3,44.48027833,-73.1956,29.75,85.55
17:53:08,53:08.3,44.48027667,-73.19561667,29.25,84.65
17:53:09,53:09.3,44.48027,-73.19563,29.25,84.65
17:53:10,53:10.3,44.48026667,-73.19564667,29.25,84.65
17:53:11,53:11.3,44.48026333,-73.19566,29.25,84.65
17:53:12,53:12.3,44.48026,-73.19567167,29.25,84.65
17:53:13,53:13.3,44.48026,-73.19568667,29.5,85.1
17:53:14,53:14.3,44.48025833,-73.1957,26.5,79.7
17:53:15,53:15.3,44.480255,-73.195715,29.75,85.55
17:53:16,53:16.3,44.48025333,-73.19572833,29.75,85.55
17:53:17,53:17.3,44.48024833,-73.19573833,30,86
17:53:18,53:18.3,44.48024,-73.19575333,30,86
17:53:19,53:19.3,44.48023333,-73.19576833,29.75,85.55
17:53:20,53:20.3,44.48022833,-73.19578,29.5,85.1
17:53:21,53:21.3,44.48022,-73.19579667,29.5,85.1
17:53:22,53:22.3,44.48021833,-73.19581,29.5,85.1
17:53:23,53:23.3,44.48021333,-73.19582,29.5,85.1
17:53:24,53:24.3,44.48020667,-73.19583167,29.5,85.1
17:53:25,53:25.3,44.4802,-73.19584667,29.5,85.1
17:53:26,53:26.3,44.48018833,-73.19585833,29,84.2
17:53:27,53:27.3,44.48018167,-73.19587667,29,84.2
17:53:28,53:28.3,44.480175,-73.19589333,28.75,83.75
17:53:29,53:29.3,44.48017,-73.19590667,26.25,79.25
17:53:30,53:30.3,44.48017,-73.19592333,28.75,83.75
17:53:31,53:31.3,44.48017167,-73.19594167,28.75,83.75
17:53:32,53:32.3,44.48017167,-73.19596167,28.75,83.75
17:53:33,53:33.3,44.48017167,-73.19598167,28.75,83.75
17:53:34,53:34.3,44.48017167,-73.196,29,84.2
17:53:35,53:35.3,44.48017333,-73.19601833,29.25,84.65
17:53:36,53:36.3,44.48017333,-73.19603667,29.25,84.65
17:53:37,53:37.3,44.48017167,-73.19605167,26.75,80.15
17:53:38,53:38.3,44.48017333,-73.19606833,29.25,84.65
17:53:39,53:39.3,44.480175,-73.19608833,29.25,84.65
17:53:40,53:40.3,44.48017833,-73.19610833,29,84.2
17:53:41,53:41.3,44.48018,-73.196125,29,84.2
17:53:42,53:42.3,44.480185,-73.19614667,29,84.2
17:53:43,53:43.3,44.48018333,-73.19616,29,84.2
17:53:44,53:44.3,44.480175,-73.19617,29,84.2
17:53:45,53:45.3,44.48016167,-73.19617833,28.75,83.75
17:53:46,53:46.3,44.48015333,-73.196185,28.75,83.75
17:53:47,53:47.3,44.48014,-73.19618667,28.75,83.75
17:53:48,53:48.3,44.480125,-73.19618667,28.75,83.75
17:53:49,53:49.3,44.48011333,-73.19618667,28.75,83.75
17:53:50,53:50.3,44.48010333,-73.19618833,28.5,83.3
17:53:51,53:51.3,44.48009,-73.19619167,28.5,83.3
17:53:52,53:52.3,44.480075,-73.19619167,26.75,80.15
17:53:53,53:53.3,44.48006167,-73.19619167,28.5,83.3
17:53:54,53:54.3,44.48004833,-73.19619333,28.5,83.3
17:53:55,53:55.3,44.48003333,-73.19619333,28.75,83.75
17:53:56,53:56.3,44.48002,-73.19619167,28.75,83.75
17:53:57,53:57.3,44.48000667,-73.196195,28.75,83.75
17:53:58,53:58.3,44.479995,-73.19619667,28.75,83.75
17:53:59,53:59.3,44.47998333,-73.19620167,28.75,83.75
17:54:00,54:00.3,44.47997167,-73.196205,28.25,82.85
17:54:01,54:01.3,44.47995833,-73.19621,28.25,82.85
17:54:02,54:02.3,44.479945,-73.19621,28.25,82.85
17:54:03,54:03.3,44.47993,-73.19621167,28.25,82.85
17:54:04,54:04.3,44.479915,-73.196215,28.25,82.85
17:54:05,54:05.3,44.47990333,-73.19621833,28.25,82.85
17:54:06,54:06.3,44.47988667,-73.19622,27.25,81.05
17:54:07,54:07.3,44.47986833,-73.19621667,28.25,82.85
17:54:08,54:08.3,44.479855,-73.19621333,28.25,82.85
17:54:09,54:09.3,44.479845,-73.196215,28.25,82.85
17:54:10,54:10.3,44.479835,-73.196215,28.25,82.85
17:54:11,54:11.3,44.47982167,-73.19621167,28.5,83.3
17:54:12,54:12.3,44.47980667,-73.196215,28.75,83.75
17:54:13,54:13.3,44.479795,-73.19621667,28.75,83.75
17:54:14,54:14.3,44.479785,-73.19621833,28.75,83.75
17:54:15,54:15.3,44.479775,-73.19621833,28.5,83.3
17:54:16,54:16.3,44.479765,-73.19621667,28.5,83.3
17:54:17,54:17.3,44.479755,-73.19621667,28.75,83.75
17:54:18,54:18.3,44.47974333,-73.19622,28.75,83.75
17:54:19,54:19.3,44.47973333,-73.196225,28.5,83.3
17:54:20,54:20.3,44.47972,-73.19622833,28.5,83.3
17:54:21,54:21.3,44.47970833,-73.19623,28.5,83.3
17:54:22,54:22.3,44.4797,-73.19623333,28.5,83.3
17:54:23,54:23.3,44.47969,-73.19623333,28.75,83.75
17:54:24,54:24.3,44.47967667,-73.19623333,28.5,83.3
17:54:25,54:25.3,44.479665,-73.19623833,28.5,83.3
17:54:26,54:26.3,44.479655,-73.19624667,28.25,82.85
17:54:27,54:27.3,44.479645,-73.19624833,28.5,83.3
17:54:28,54:28.3,44.47963667,-73.19625167,28.5,83.3
17:54:29,54:29.3,44.47963,-73.196255,26,78.8
17:54:30,54:30.3,44.47962,-73.19626,28.5,83.3
17:54:31,54:31.3,44.47961167,-73.196265,28.5,83.3
17:54:32,54:32.3,44.4796,-73.19626833,28.5,83.3
17:54:33,54:33.3,44.47959,-73.19627,28.5,83.3
17:54:34,54:34.3,44.47957667,-73.19627167,28.75,83.75
17:54:35,54:35.3,44.47956167,-73.19627167,28.5,83.3
17:54:36,54:36.3,44.47954833,-73.19627333,28.5,83.3
17:54:37,54:37.3,44.47953333,-73.19627667,28.5,83.3
17:54:38,54:38.3,44.47952,-73.19628,28.75,83.75
17:54:39,54:39.3,44.47950833,-73.19628,28.75,83.75
17:54:40,54:40.3,44.47949833,-73.19627833,28.5,83.3
17:54:41,54:41.3,44.47949,-73.19628167,28.25,82.85
17:54:42,54:42.3,44.47948,-73.19628667,28.25,82.85
17:54:43,54:43.3,44.47946833,-73.19629,28.5,83.3
17:54:44,54:44.3,44.47945333,-73.19629667,27.5,81.5
17:54:45,54:45.3,44.47944,-73.19630167,28.25,82.85
17:54:46,54:46.3,44.47942667,-73.196305,28,82.4
17:54:47,54:47.3,44.47941667,-73.19630833,28.25,82.85
17:54:48,54:48.3,44.47940833,-73.196315,27.75,81.95
17:54:49,54:49.3,44.47940167,-73.19632333,28.5,83.3
17:54:50,54:50.3,44.47939333,-73.19632833,28.5,83.3
17:54:51,54:51.3,44.47938167,-73.19633,28.5,83.3
17:54:52,54:52.3,44.47937333,-73.19632833,28.5,83.3
17:54:53,54:53.3,44.479365,-73.19632667,28.5,83.3
17:54:54,54:54.3,44.47935333,-73.19632833,28.5,83.3
17:54:55,54:55.3,44.47934333,-73.19632833,28.25,82.85
17:54:56,54:56.3,44.47933333,-73.19633,28,82.4
17:54:57,54:57.3,44.479325,-73.19632667,28.25,82.85
17:54:58,54:58.3,44.47931167,-73.19633333,28.25,82.85
17:54:59,54:59.3,44.47930333,-73.19633333,28.5,83.3
17:55:00,55:00.3,44.47929167,-73.19633,28.25,82.85
17:55:01,55:01.3,44.47928333,-73.19632833,28.25,82.85
17:55:02,55:02.3,44.479275,-73.19633667,28.5,83.3
17:55:03,55:03.3,44.47926333,-73.19634667,28.25,82.85
17:55:04,55:04.3,44.47925667,-73.19634833,28.25,82.85
17:55:05,55:05.3,44.47924667,-73.19635,28.25,82.85
17:55:06,55:06.3,44.479235,-73.19635167,27.5,81.5
17:55:07,55:07.3,44.47922167,-73.19635333,28.25,82.85
17:55:08,55:08.3,44.47921167,-73.19635333,28.25,82.85
17:55:09,55:09.3,44.479205,-73.19635833,28.25,82.85
17:55:10,55:10.3,44.47919167,-73.19637333,28.25,82.85
17:55:11,55:11.3,44.47917667,-73.19638333,28,82.4
17:55:12,55:12.3,44.47916167,-73.19638833,28,82.4
17:55:13,55:13.3,44.47915167,-73.19639,27.75,81.95
17:55:14,55:14.3,44.47914,-73.19639167,27.5,81.5
17:55:15,55:15.3,44.47913167,-73.19639,28,82.4
17:55:16,55:16.3,44.47912333,-73.19639167,27.75,81.95
17:55:17,55:17.3,44.47911833,-73.19638,27.5,81.5
17:55:18,55:18.3,44.47911,-73.19637,27.5,81.5
17:55:19,55:19.3,44.4791,-73.19636167,27.75,81.95
17:55:20,55:20.3,44.47909167,-73.19636167,27.5,81.5
17:55:21,55:21.3,44.47908333,-73.19636167,27.5,81.5
17:55:22,55:22.3,44.47907667,-73.19636333,27.75,81.95
17:55:23,55:23.3,44.47906833,-73.19636,27.75,81.95
17:55:24,55:24.3,44.47906,-73.19636333,27.75,81.95
17:55:25,55:25.3,44.47905667,-73.19636333,27.75,81.95
17:55:26,55:26.3,44.47905,-73.19637333,27.75,81.95
17:55:27,55:27.3,44.47904167,-73.19638,27.75,81.95
17:55:28,55:28.3,44.47903167,-73.19638167,27.75,81.95
17:55:29,55:29.3,44.47902333,-73.19638333,26.5,79.7
17:55:30,55:30.3,44.47901667,-73.196385,27.75,81.95
17:55:31,55:31.3,44.47900833,-73.19638667,27.5,81.5
17:55:32,55:32.3,44.47900167,-73.19638667,27.75,81.95
17:55:33,55:33.3,44.47899333,-73.19638833,27.5,81.5
17:55:34,55:34.3,44.47898667,-73.19639,27.5,81.5
17:55:35,55:35.3,44.47897667,-73.19639,27.25,81.05
17:55:36,55:36.3,44.47896833,-73.19640333,27.75,81.95
17:55:37,55:37.3,44.47895833,-73.19641,26.25,79.25
17:55:38,55:38.3,44.47894833,-73.19641667,27.75,81.95
17:55:39,55:39.3,44.47893667,-73.19642,28,82.4
17:55:40,55:40.3,44.47891667,-73.19642333,27.75,81.95
17:55:41,55:41.3,44.47890167,-73.19642333,27.5,81.5
17:55:42,55:42.3,44.47888833,-73.19642,27.25,81.05
17:55:43,55:43.3,44.47887833,-73.19641167,27.25,81.05
17:55:44,55:44.3,44.47886167,-73.19641167,27.25,81.05
17:55:45,55:45.3,44.47884833,-73.19640667,24.75,76.55
17:55:46,55:46.3,44.47883333,-73.19641667,26.75,80.15
17:55:47,55:47.3,44.47881833,-73.19641833,26.75,80.15
17:55:48,55:48.3,44.47881833,-73.19635167,26.75,80.15
17:55:49,55:49.3,44.4788,-73.19635167,27,80.6
17:55:50,55:50.3,44.47878333,-73.19634333,26.75,80.15
17:55:51,55:51.3,44.47877,-73.19635333,26.75,80.15
17:55:52,55:52.3,44.47875833,-73.19636,27,80.6
17:55:53,55:53.3,44.47874667,-73.19636667,27,80.6
17:55:54,55:54.3,44.47873167,-73.196395,27,80.6
17:55:55,55:55.3,44.47871667,-73.196405,26.75,80.15
17:55:56,55:56.3,44.47870167,-73.19640167,27,80.6
17:55:57,55:57.3,44.47868333,-73.19641167,27.25,81.05
17:55:58,55:58.3,44.47867333,-73.19641667,27.25,81.05
17:55:59,55:59.3,44.47866667,-73.19641,27.5,81.5
17:56:00,56:00.3,44.47866333,-73.19642,27.25,81.05
17:56:01,56:01.3,44.47865167,-73.19643667,27.25,81.05
17:56:02,56:02.3,44.478645,-73.196435,27.25,81.05
17:56:03,56:03.3,44.47863167,-73.196435,27.25,81.05
17:56:04,56:04.3,44.47861833,-73.19643833,27.5,81.5
17:56:05,56:05.3,44.478605,-73.19643667,27.5,81.5
17:56:06,56:06.3,44.47859,-73.19644167,24.5,76.1
17:56:07,56:07.3,44.47857833,-73.19644167,27.5,81.5
17:56:08,56:08.3,44.47856667,-73.196435,27.75,81.95
17:56:09,56:09.3,44.47855667,-73.19643333,27.75,81.95
17:56:10,56:10.3,44.47854167,-73.19643667,27.25,81.05
17:56:11,56:11.3,44.47852667,-73.19644,27.25,81.05
17:56:12,56:12.3,44.478515,-73.196435,27,80.6
17:56:13,56:13.3,44.47849667,-73.19643333,27,80.6
17:56:14,56:14.3,44.47848833,-73.19643167,25,77
17:56:15,56:15.3,44.47847833,-73.196425,27,80.6
17:56:16,56:16.3,44.47846833,-73.19641833,27,80.6
17:56:17,56:17.3,44.47846,-73.19641333,26.75,80.15
17:56:18,56:18.3,44.47844667,-73.19641333,27,80.6
17:56:19,56:19.3,44.47843667,-73.19640833,27,80.6
17:56:20,56:20.3,44.47842667,-73.196405,27.25,81.05
17:56:21,56:21.3,44.478415,-73.1964,27,80.6
17:56:22,56:22.3,44.47840333,-73.19639833,24.75,76.55
17:56:23,56:23.3,44.47839167,-73.19639333,27,80.6
17:56:24,56:24.3,44.47838667,-73.19638333,27,80.6
17:56:25,56:25.3,44.47837833,-73.19637667,26.5,79.7
17:56:26,56:26.3,44.478365,-73.19638167,26.5,79.7
17:56:27,56:27.3,44.47835667,-73.19637667,26.5,79.7
17:56:28,56:28.3,44.47835167,-73.19637333,26.25,79.25
17:56:29,56:29.3,44.478345,-73.19637,27,80.6
17:56:30,56:30.3,44.47834,-73.19636667,27,80.6
17:56:31,56:31.3,44.47833167,-73.19636667,27,80.6
17:56:32,56:32.3,44.47832833,-73.196365,27,80.6
17:56:33,56:33.3,44.478325,-73.19636667,27,80.6
17:56:34,56:34.3,44.47831667,-73.19635333,27.25,81.05
17:56:35,56:35.3,44.47831167,-73.19634333,27,80.6
17:56:36,56:36.3,44.47830667,-73.19634333,27.25,81.05
17:56:37,56:37.3,44.47830333,-73.19632167,26,78.8
17:56:38,56:38.3,44.47830167,-73.19632,27.75,81.95
17:56:39,56:39.3,44.47831667,-73.196305,28,82.4
17:56:40,56:40.3,44.47834,-73.19627333,27.75,81.95
17:56:41,56:41.3,44.47837667,-73.19626167,27.75,81.95
17:56:42,56:42.3,44.47843,-73.19625333,26.75,80.15
17:56:43,56:43.3,44.47849667,-73.19622167,27.5,81.5
17:56:44,56:44.3,44.47857,-73.19614667,26.75,80.15
17:56:45,56:45.3,44.47857333,-73.19614333,22.5,72.5
17:56:46,56:46.3,44.478575,-73.19614333,27.25,81.05
17:56:47,56:47.3,44.478575,-73.196145,27.75,81.95
17:56:48,56:48.3,44.47857667,-73.196145,26.5,79.7
17:56:49,56:49.3,44.47857833,-73.19614667,25.75,78.35
17:56:50,56:50.3,44.47858167,-73.19614667,26.5,79.7
17:56:51,56:51.3,44.47858333,-73.19614667,27.5,81.5
17:56:52,56:52.3,44.478585,-73.19614667,28.25,82.85
17:56:53,56:53.3,44.47858667,-73.19614833,28.5,83.3
17:56:54,56:54.3,44.478585,-73.19614667,28.5,83.3
17:56:55,56:55.3,44.47858667,-73.196145,28.25,82.85
17:56:56,56:56.3,44.47858667,-73.19614167,27.5,81.5
17:56:57,56:57.3,44.47858833,-73.19614,27.75,81.95
17:56:58,56:58.3,44.47859,-73.19613833,27,80.6
17:56:59,56:59.3,44.47859,-73.19613833,27.75,81.95
17:57:00,57:00.3,44.47859167,-73.19613667,28,82.4
17:57:01,57:01.3,44.47859333,-73.196135,28.25,82.85
17:57:02,57:02.3,44.478595,-73.19613333,28.25,82.85
17:57:03,57:03.3,44.478595,-73.19613333,28.25,82.85
17:57:04,57:04.3,44.47859667,-73.19613333,27.75,81.95
17:57:05,57:05.3,44.47859833,-73.19613333,27.5,81.5
17:57:06,57:06.3,44.47860167,-73.196135,26,78.8
17:57:07,57:07.3,44.47860833,-73.19613167,28.5,83.3
17:57:08,57:08.3,44.478605,-73.196135,28.75,83.75
17:57:09,57:09.3,44.47861667,-73.19613333,28.5,83.3
17:57:10,57:10.3,44.47862,-73.19614333,28.75,83.75
17:57:11,57:11.3,44.47863833,-73.196155,29,84.2
17:57:12,57:12.3,44.47865167,-73.19615833,29,84.2
17:57:13,57:13.3,44.47865167,-73.19616167,29.25,84.65
17:57:14,57:14.3,44.478655,-73.19616,28.75,83.75
17:57:15,57:15.3,44.47865833,-73.19616,29.5,85.1
17:57:16,57:16.3,44.478655,-73.19617333,29.25,84.65
17:57:17,57:17.3,44.47866333,-73.19618667,29.5,85.1
17:57:18,57:18.3,44.47867167,-73.196195,29.5,85.1
17:57:19,57:19.3,44.47867,-73.19620667,29.5,85.1
17:57:20,57:20.3,44.478675,-73.196215,29.5,85.1
17:57:21,57:21.3,44.47868167,-73.19622833,29.5,85.1
17:57:22,57:22.3,44.47868333,-73.19623333,29.25,84.65
17:57:23,57:23.3,44.47868167,-73.196235,29.5,85.1
17:57:24,57:24.3,44.47873833,-73.19621333,29,84.2
17:57:25,57:25.3,44.47878667,-73.19619333,29,84.2
17:57:26,57:26.3,44.47883333,-73.19617333,29,84.2
17:57:27,57:27.3,44.47887167,-73.19615667,28.75,83.75
17:57:28,57:28.3,44.47887667,-73.196155,28.75,83.75
17:57:29,57:29.3,44.47890333,-73.196145,25.75,78.35
17:57:30,57:30.3,44.47893167,-73.19613167,28.75,83.75
17:57:31,57:31.3,44.47895167,-73.19612667,29,84.2
17:57:32,57:32.3,44.478955,-73.19613,29,84.2
17:57:33,57:33.3,44.47897,-73.19612667,28.75,83.75
17:57:34,57:34.3,44.47894333,-73.19613667,29,84.2
17:57:35,57:35.3,44.47887,-73.19616833,29,84.2
17:57:36,57:36.3,44.47883,-73.196185,29,84.2
17:57:37,57:37.3,44.47878,-73.19620833,26,78.8
17:57:38,57:38.3,44.47874333,-73.19622333,28.5,83.3
17:57:39,57:39.3,44.47873,-73.196225,28.5,83.3
17:57:40,57:40.3,44.47873,-73.19622667,28.5,83.3
17:57:41,57:41.3,44.478735,-73.19622833,28.75,83.75
17:57:42,57:42.3,44.47874167,-73.19622833,28.5,83.3
17:57:43,57:43.3,44.47874,-73.19623333,28.5,83.3
17:57:44,57:44.3,44.47874167,-73.19623833,28.5,83.3
17:57:45,57:45.3,44.47873333,-73.19624667,28.75,83.75
17:57:46,57:46.3,44.47873667,-73.19625167,28.75,83.75
17:57:47,57:47.3,44.47874333,-73.19625667,28.75,83.75
17:57:48,57:48.3,44.47874667,-73.19626,28.75,83.75
17:57:49,57:49.3,44.47875333,-73.19626333,28.75,83.75
17:57:50,57:50.3,44.47875667,-73.19627,28.75,83.75
17:57:51,57:51.3,44.47876333,-73.196275,28.75,83.75
17:57:52,57:52.3,44.47877333,-73.19628,25.5,77.9
17:57:53,57:53.3,44.47878,-73.19628333,29,84.2
17:57:54,57:54.3,44.47878833,-73.19628833,28.75,83.75
17:57:55,57:55.3,44.47879833,-73.19629167,28.75,83.75
17:57:56,57:56.3,44.47880167,-73.19629333,29,84.2
17:57:57,57:57.3,44.47881,-73.19629667,28.75,83.75
17:57:58,57:58.3,44.47881833,-73.1963,28.75,83.75
17:57:59,57:59.3,44.47882667,-73.19630333,28.75,83.75
17:58:00,58:00.3,44.478835,-73.19630667,28.75,83.75
17:58:01,58:01.3,44.478845,-73.19630833,29,84.2
17:58:02,58:02.3,44.47885167,-73.19631333,28.75,83.75
17:58:03,58:03.3,44.47886167,-73.19631667,28.5,83.3
17:58:04,58:04.3,44.47887167,-73.19631833,28.5,83.3
17:58:05,58:05.3,44.47888167,-73.19632333,28.5,83.3
17:58:06,58:06.3,44.47889,-73.19632667,26,78.8
17:58:07,58:07.3,44.478895,-73.19633167,28.25,82.85
17:58:08,58:08.3,44.478905,-73.19633833,28,82.4
17:58:09,58:09.3,44.478915,-73.19634333,28,82.4
17:58:10,58:10.3,44.47892833,-73.196345,28,82.4
17:58:11,58:11.3,44.47893833,-73.196345,28,82.4
17:58:12,58:12.3,44.47895,-73.19635167,27.75,81.95
17:58:13,58:13.3,44.47896333,-73.19635333,27.75,81.95
17:58:14,58:14.3,44.47897667,-73.196355,27.75,81.95
17:58:15,58:15.3,44.47899,-73.19636333,27.75,81.95
17:58:16,58:16.3,44.47900333,-73.19636833,28,82.4
17:58:17,58:17.3,44.47901167,-73.196375,28,82.4
17:58:18,58:18.3,44.47902333,-73.196375,28,82.4
17:58:19,58:19.3,44.479035,-73.19637667,27.75,81.95
17:58:20,58:20.3,44.47904833,-73.19637833,27.75,81.95
17:58:21,58:21.3,44.479055,-73.19638,27.75,81.95
17:58:22,58:22.3,44.47906667,-73.19638167,27.5,81.5
17:58:23,58:23.3,44.47908,-73.19638,27.5,81.5
17:58:24,58:24.3,44.47908833,-73.19637833,27.75,81.95
17:58:25,58:25.3,44.47909833,-73.19637667,27.5,81.5
17:58:26,58:26.3,44.47910833,-73.19637667,27.5,81.5
17:58:27,58:27.3,44.47912167,-73.19637333,27.25,81.05
17:58:28,58:28.3,44.47913167,-73.19636833,27.25,81.05
17:58:29,58:29.3,44.47913667,-73.19636667,24.5,76.1
17:58:30,58:30.3,44.47914667,-73.196365,27.25,81.05
17:58:31,58:31.3,44.47915667,-73.19636667,27.25,81.05
17:58:32,58:32.3,44.47916333,-73.19636667,27.25,81.05
17:58:33,58:33.3,44.47917,-73.196365,27,80.6
17:58:34,58:34.3,44.47918333,-73.19636667,27,80.6
17:58:35,58:35.3,44.479195,-73.19636833,27,80.6
17:58:36,58:36.3,44.47921167,-73.19637,27,80.6
17:58:37,58:37.3,44.47922333,-73.19637167,27,80.6
17:58:38,58:38.3,44.47923667,-73.19637333,27,80.6
17:58:39,58:39.3,44.47925,-73.19637667,27,80.6
17:58:40,58:40.3,44.47926167,-73.19638,26.75,80.15
17:58:41,58:41.3,44.47927167,-73.19638,27,80.6
17:58:42,58:42.3,44.47928167,-73.19638167,27,80.6
17:58:43,58:43.3,44.47929333,-73.19638167,27,80.6
17:58:44,58:44.3,44.47930667,-73.19637833,25.5,77.9
17:58:45,58:45.3,44.47931833,-73.19637667,27,80.6
17:58:46,58:46.3,44.47932667,-73.19637667,27.25,81.05
17:58:47,58:47.3,44.479335,-73.19638,27,80.6
17:58:48,58:48.3,44.47935167,-73.19637667,27,80.6
17:58:49,58:49.3,44.47936167,-73.19637333,26.75,80.15
17:58:50,58:50.3,44.479375,-73.196375,26.75,80.15
17:58:51,58:51.3,44.47939,-73.19637667,27,80.6
17:58:52,58:52.3,44.47940333,-73.19637667,24.25,75.65
17:58:53,58:53.3,44.47941667,-73.19637,27.25,81.05
17:58:54,58:54.3,44.47943,-73.19637167,27,80.6
17:58:55,58:55.3,44.47944,-73.19637,27,80.6
17:58:56,58:56.3,44.47944833,-73.19636833,26.75,80.15
17:58:57,58:57.3,44.47946333,-73.19636167,26.75,80.15
17:58:58,58:58.3,44.47947833,-73.19634167,26.75,80.15
17:58:59,58:59.3,44.47949333,-73.19632667,26.75,80.15
17:59:00,59:00.3,44.47950833,-73.19632,26.75,80.15
17:59:01,59:01.3,44.47952667,-73.19630167,27,80.6
17:59:02,59:02.3,44.47954667,-73.19629,27,80.6
17:59:03,59:03.3,44.47956667,-73.196265,27,80.6
17:59:04,59:04.3,44.47958667,-73.19624,27,80.6
17:59:05,59:05.3,44.47959833,-73.19622167,27,80.6
17:59:06,59:06.3,44.47960833,-73.19620167,24.75,76.55
17:59:07,59:07.3,44.47962333,-73.196185,27,80.6
17:59:08,59:08.3,44.479635,-73.19618333,27.25,81.05
17:59:09,59:09.3,44.47965167,-73.19617833,27.25,81.05
17:59:10,59:10.3,44.47966833,-73.19617333,27.5,81.5
17:59:11,59:11.3,44.479685,-73.19616833,27.5,81.5
17:59:12,59:12.3,44.479705,-73.19616333,27.75,81.95
17:59:13,59:13.3,44.47972,-73.19616167,28,82.4
17:59:14,59:14.3,44.47973333,-73.19615333,28,82.4
17:59:15,59:15.3,44.47974667,-73.19614333,28,82.4
17:59:16,59:16.3,44.47976,-73.19613,28.25,82.85
17:59:17,59:17.3,44.479775,-73.196115,28.25,82.85
17:59:18,59:18.3,44.47978833,-73.19611167,28,82.4
17:59:19,59:19.3,44.47980333,-73.19611667,27.75,81.95
17:59:20,59:20.3,44.47981833,-73.19612667,28,82.4
17:59:21,59:21.3,44.47983167,-73.19613833,28,82.4
17:59:22,59:22.3,44.479845,-73.19615167,27.75,81.95
17:59:23,59:23.3,44.479855,-73.19616333,27.75,81.95
17:59:24,59:24.3,44.47986833,-73.19618,27.5,81.5
17:59:25,59:25.3,44.47988,-73.19619833,27.5,81.5
17:59:26,59:26.3,44.47989,-73.19621333,27.25,81.05
17:59:27,59:27.3,44.47989833,-73.19622667,27.5,81.5
17:59:28,59:28.3,44.47990667,-73.19624167,27.5,81.5
17:59:29,59:29.3,44.47991167,-73.19626,21.75,71.15
17:59:30,59:30.3,44.47991667,-73.19628,27.75,81.95
17:59:31,59:31.3,44.47991833,-73.19629833,27.75,81.95
17:59:32,59:32.3,44.47991667,-73.19631667,27.5,81.5
17:59:33,59:33.3,44.47991167,-73.19634,27.75,81.95
17:59:34,59:34.3,44.47990833,-73.196365,27.75,81.95
17:59:35,59:35.3,44.47990167,-73.19639167,27.5,81.5
17:59:36,59:36.3,44.47989667,-73.19642167,27.75,81.95
17:59:37,59:37.3,44.47989167,-73.19644833,28,82.4
17:59:38,59:38.3,44.47988833,-73.19646833,28,82.4
17:59:39,59:39.3,44.479885,-73.19648833,27.75,81.95
17:59:40,59:40.3,44.47988333,-73.19650167,27.5,81.5
17:59:41,59:41.3,44.47988167,-73.19651167,27.5,81.5
17:59:42,59:42.3,44.47988333,-73.196525,27.5,81.5
17:59:43,59:43.3,44.479895,-73.19654167,27.5,81.5
17:59:44,59:44.3,44.47990333,-73.19655333,27.25,81.05
17:59:45,59:45.3,44.47990833,-73.19656667,27.25,81.05
17:59:46,59:46.3,44.47991333,-73.19658667,26.75,80.15
17:59:47,59:47.3,44.47992,-73.19660333,27,80.6
17:59:48,59:48.3,44.479925,-73.19662,27,80.6
17:59:49,59:49.3,44.47993333,-73.19664167,27,80.6
17:59:50,59:50.3,44.47994,-73.19665833,27,80.6
17:59:51,59:51.3,44.47995,-73.19667167,27,80.6
17:59:52,59:52.3,44.47996333,-73.19668,24.75,76.55
17:59:53,59:53.3,44.47997667,-73.19668167,27.25,81.05
17:59:54,59:54.3,44.47998667,-73.196685,27,80.6
17:59:55,59:55.3,44.47999667,-73.19669333,27,80.6
17:59:56,59:56.3,44.48000667,-73.19669833,27,80.6
17:59:57,59:57.3,44.48001667,-73.19670333,27.25,81.05
17:59:58,59:58.3,44.48003,-73.19669667,27,80.6
17:59:59,59:59.3,44.48004167,-73.19669667,27,80.6
18:00:00,00:00.3,44.48005333,-73.19670667,27,80.6
18:00:01,00:01.3,44.48006333,-73.19671833,27,80.6
18:00:02,00:02.3,44.48007667,-73.19671667,27,80.6
18:00:03,00:03.3,44.48009,-73.19672167,27,80.6
18:00:04,00:04.3,44.48010167,-73.19672833,27,80.6
18:00:05,00:05.3,44.48011,-73.19673333,27,80.6
18:00:06,00:06.3,44.48012,-73.19674167,23.25,73.85
18:00:07,00:07.3,44.480125,-73.19675833,27,80.6
18:00:08,00:08.3,44.48013,-73.19677167,27.25,81.05
18:00:09,00:09.3,44.48014167,-73.19678333,27,80.6
18:00:10,00:10.3,44.480155,-73.19678667,27,80.6
18:00:11,00:11.3,44.48016167,-73.19679667,27,80.6
18:00:12,00:12.3,44.48016833,-73.19680167,27,80.6
18:00:13,00:13.3,44.48017667,-73.19680833,27,80.6
18:00:14,00:14.3,44.48018,-73.196815,24,75.2
18:00:15,00:15.3,44.480185,-73.19682667,27,80.6
18:00:16,00:16.3,44.48019,-73.19684,27,80.6
18:00:17,00:17.3,44.48019833,-73.19686,27,80.6
18:00:18,00:18.3,44.48020667,-73.19687667,26.75,80.15
18:00:19,00:19.3,44.48021,-73.19688667,27,80.6
18:00:20,00:20.3,44.480215,-73.19690667,27.25,81.05
18:00:21,00:21.3,44.480225,-73.19693,27.5,81.5
18:00:22,00:22.3,44.48023,-73.19694667,27.5,81.5
18:00:23,00:23.3,44.480235,-73.196965,27.5,81.5
18:00:24,00:24.3,44.48024,-73.19698,27.75,81.95
18:00:25,00:25.3,44.480245,-73.19699,27.75,81.95
18:00:26,00:26.3,44.480245,-73.19701167,27.75,81.95
18:00:27,00:27.3,44.48025167,-73.197025,28,82.4
18:00:28,00:28.3,44.48025333,-73.19704167,28,82.4
18:00:29,00:29.3,44.480255,-73.19706167,28,82.4
18:00:30,00:30.3,44.48025833,-73.19707833,28,82.4
18:00:31,00:31.3,44.48026,-73.19709333,28,82.4
18:00:32,00:32.3,44.480265,-73.19711167,28.25,82.85
18:00:33,00:33.3,44.480265,-73.19713,28.25,82.85
18:00:34,00:34.3,44.48026833,-73.19714833,28,82.4
18:00:35,00:35.3,44.48027167,-73.19716667,28,82.4
18:00:36,00:36.3,44.48027167,-73.197185,28,82.4
18:00:37,00:37.3,44.480275,-73.19720333,26.5,79.7
18:00:38,00:38.3,44.48027833,-73.19721833,28.25,82.85
18:00:39,00:39.3,44.48027667,-73.19723333,28.25,82.85
18:00:40,00:40.3,44.48027667,-73.19724833,28.25,82.85
18:00:41,00:41.3,44.480275,-73.19726833,28.25,82.85
18:00:42,00:42.3,44.48027667,-73.19728667,28,82.4
18:00:43,00:43.3,44.48027667,-73.197305,28,82.4
18:00:44,00:44.3,44.48027667,-73.197325,28,82.4
18:00:45,00:45.3,44.48027833,-73.19734333,28,82.4
18:00:46,00:46.3,44.48028167,-73.19736,28.25,82.85
18:00:47,00:47.3,44.48028333,-73.19738,28.25,82.85
18:00:48,00:48.3,44.48029167,-73.1974,28.25,82.85
18:00:49,00:49.3,44.480295,-73.19742,28.5,83.3
18:00:50,00:50.3,44.480295,-73.19743667,28.5,83.3
18:00:51,00:51.3,44.48029833,-73.19745667,28.5,83.3
18:00:52,00:52.3,44.48030333,-73.19748167,28.5,83.3
18:00:53,00:53.3,44.48030833,-73.1975,28.75,83.75
18:00:54,00:54.3,44.48031,-73.19752167,28.75,83.75
18:00:55,00:55.3,44.48031,-73.19754,29,84.2
18:00:56,00:56.3,44.48031333,-73.19755333,29,84.2
18:00:57,00:57.3,44.48031667,-73.19756667,29.25,84.65
18:00:58,00:58.3,44.48032,-73.19758333,29.25,84.65
18:00:59,00:59.3,44.48032333,-73.1976,29,84.2
18:01:00,01:00.3,44.480325,-73.19761833,29.25,84.65
18:01:01,01:01.3,44.480325,-73.19763833,29.25,84.65
18:01:02,01:02.3,44.48032333,-73.19765833,29.25,84.65
18:01:03,01:03.3,44.48032167,-73.19768,29.25,84.65
18:01:04,01:04.3,44.48032,-73.197705,29.25,84.65
18:01:05,01:05.3,44.48032,-73.197725,29,84.2
18:01:06,01:06.3,44.48031833,-73.197745,25.75,78.35
18:01:07,01:07.3,44.48031833,-73.19776167,29.25,84.65
18:01:08,01:08.3,44.48031833,-73.19778,29.5,85.1
18:01:09,01:09.3,44.48032,-73.19779833,29.75,85.55
18:01:10,01:10.3,44.48032,-73.19781667,29.5,85.1
18:01:11,01:11.3,44.48032,-73.19783667,29.25,84.65
18:01:12,01:12.3,44.48031833,-73.19785667,29.25,84.65
18:01:13,01:13.3,44.48031667,-73.19787333,29,84.2
18:01:14,01:14.3,44.480315,-73.19788833,29,84.2
18:01:15,01:15.3,44.48031667,-73.197905,29,84.2
18:01:16,01:16.3,44.480315,-73.19792,29.25,84.65
18:01:17,01:17.3,44.48031167,-73.197935,29,84.2
18:01:18,01:18.3,44.480305,-73.19795,29.25,84.65
18:01:19,01:19.3,44.48029833,-73.197965,29.25,84.65
18:01:20,01:20.3,44.48029667,-73.19798,29.25,84.65
18:01:21,01:21.3,44.48029667,-73.197995,28,82.4
18:01:22,01:22.3,44.48029833,-73.19801167,29.25,84.65
18:01:23,01:23.3,44.48029833,-73.19803,29.5,85.1
18:01:24,01:24.3,44.48029833,-73.198045,29.75,85.55
18:01:25,01:25.3,44.48029833,-73.19806167,29.75,85.55
18:01:26,01:26.3,44.48029667,-73.19808,29.75,85.55
18:01:27,01:27.3,44.480295,-73.198095,29.75,85.55
18:01:28,01:28.3,44.480295,-73.19810833,29.5,85.1
18:01:29,01:29.3,44.48029667,-73.198125,27,80.6
18:01:30,01:30.3,44.48029833,-73.19814,29,84.2
18:01:31,01:31.3,44.4803,-73.19816167,28.75,83.75
18:01:32,01:32.3,44.48030333,-73.19818167,28.5,83.3
18:01:33,01:33.3,44.480305,-73.19819833,29,84.2
18:01:34,01:34.3,44.48030667,-73.19821167,29,84.2
18:01:35,01:35.3,44.48030667,-73.198225,29.25,84.65
18:01:36,01:36.3,44.480315,-73.19824167,29.25,84.65
18:01:37,01:37.3,44.48032167,-73.19826,29,84.2
18:01:38,01:38.3,44.480325,-73.19828,29,84.2
18:01:39,01:39.3,44.48032667,-73.19830333,28.75,83.75
18:01:40,01:40.3,44.48032667,-73.198325,28.5,83.3
18:01:41,01:41.3,44.48032667,-73.198345,28.5,83.3
18:01:42,01:42.3,44.48033,-73.19836167,28.75,83.75
18:01:43,01:43.3,44.48032833,-73.19837833,28.5,83.3
18:01:44,01:44.3,44.48032667,-73.19839667,27.25,81.05
18:01:45,01:45.3,44.48032667,-73.19841833,28.5,83.3
18:01:46,01:46.3,44.480325,-73.19843667,28,82.4
18:01:47,01:47.3,44.480325,-73.19845167,28.25,82.85
18:01:48,01:48.3,44.48032167,-73.19846833,28,82.4
18:01:49,01:49.3,44.48031833,-73.19848667,27.5,81.5
18:01:50,01:50.3,44.480315,-73.19849833,27.75,81.95
18:01:51,01:51.3,44.48031333,-73.198515,28.25,82.85
18:01:52,01:52.3,44.48030833,-73.19852667,28.5,83.3
18:01:53,01:53.3,44.48031,-73.198525,28,82.4
18:01:54,01:54.3,44.48031333,-73.19851833,28.75,83.75
18:01:55,01:55.3,44.480305,-73.19851667,29,84.2
18:01:56,01:56.3,44.48029667,-73.19852333,29,84.2
18:01:57,01:57.3,44.48028833,-73.198525,29,84.2
18:01:58,01:58.3,44.48027667,-73.198525,29,84.2
18:01:59,01:59.3,44.48026,-73.19853,29.25,84.65
18:02:00,02:00.3,44.48024,-73.19853333,29.25,84.65
18:02:01,02:01.3,44.48021833,-73.19854333,29,84.2
18:02:02,02:02.3,44.4802,-73.19855333,29,84.2
18:02:03,02:03.3,44.48018,-73.19856833,29.25,84.65
18:02:04,02:04.3,44.48016667,-73.19857333,29.25,84.65
18:02:05,02:05.3,44.48015167,-73.19858,29.25,84.65
18:02:06,02:06.3,44.480135,-73.198585,27,80.6
18:02:07,02:07.3,44.48012167,-73.19859,29.25,84.65
18:02:08,02:08.3,44.48009833,-73.19859667,29,84.2
18:02:09,02:09.3,44.48007667,-73.19859667,29,84.2
18:02:10,02:10.3,44.480055,-73.198605,28.75,83.75
18:02:11,02:11.3,44.48003667,-73.19861333,28.5,83.3
18:02:12,02:12.3,44.48002667,-73.19861833,28.5,83.3
18:02:13,02:13.3,44.48001833,-73.19862167,28.5,83.3
18:02:14,02:14.3,44.48001333,-73.19862333,28.5,83.3
18:02:15,02:15.3,44.48000667,-73.198625,28.5,83.3
18:02:16,02:16.3,44.47999833,-73.19862667,28.5,83.3
18:02:17,02:17.3,44.47998833,-73.19863,28.5,83.3
18:02:18,02:18.3,44.47997667,-73.19863333,28.5,83.3
18:02:19,02:19.3,44.47996833,-73.198635,28.5,83.3
18:02:20,02:20.3,44.479965,-73.19863333,28.25,82.85
18:02:21,02:21.3,44.47996333,-73.19863,25.25,77.45
18:02:22,02:22.3,44.47995667,-73.19862667,28.25,82.85
18:02:23,02:23.3,44.47996,-73.198625,28.5,83.3
18:02:24,02:24.3,44.479955,-73.19862167,28.5,83.3
18:02:25,02:25.3,44.47995333,-73.198615,28.25,82.85
18:02:26,02:26.3,44.47995,-73.19860833,28.25,82.85
18:02:27,02:27.3,44.47994667,-73.1986,28,82.4
18:02:28,02:28.3,44.47994333,-73.19858667,28,82.4
18:02:29,02:29.3,44.47994,-73.19857833,28,82.4
18:02:30,02:30.3,44.47995167,-73.19855333,28,82.4
18:02:31,02:31.3,44.47995833,-73.198535,28.25,82.85
18:02:32,02:32.3,44.47995667,-73.19852,28.25,82.85
18:02:33,02:33.3,44.47995667,-73.198505,28.25,82.85
18:02:34,02:34.3,44.47995667,-73.19848667,28.25,82.85
18:02:35,02:35.3,44.479955,-73.19847,28.5,83.3
18:02:36,02:36.3,44.47995333,-73.19845333,25,77
18:02:37,02:37.3,44.47994667,-73.19843833,28.5,83.3
18:02:38,02:38.3,44.47994667,-73.19842167,28.5,83.3
18:02:39,02:39.3,44.47994833,-73.198405,28.25,82.85
18:02:40,02:40.3,44.47994167,-73.198385,28.25,82.85
18:02:41,02:41.3,44.47993,-73.19837,28.25,82.85
18:02:42,02:42.3,44.47991333,-73.198355,28.5,83.3
18:02:43,02:43.3,44.47990333,-73.19833833,28.5,83.3
18:02:44,02:44.3,44.479895,-73.19832333,28.5,83.3
18:02:45,02:45.3,44.47988833,-73.19831,28.5,83.3
18:02:46,02:46.3,44.47988667,-73.19829333,28.75,83.75
18:02:47,02:47.3,44.479885,-73.19828,28.75,83.75
18:02:48,02:48.3,44.47989167,-73.198265,29,84.2
18:02:49,02:49.3,44.47989833,-73.19825,29,84.2
18:02:50,02:50.3,44.47991,-73.19824,29,84.2
18:02:51,02:51.3,44.47992,-73.19823167,20.5,68.9
18:02:52,02:52.3,44.47992833,-73.19821833,29.25,84.65
18:02:53,02:53.3,44.47993667,-73.19820667,29,84.2
18:02:54,02:54.3,44.47994833,-73.198195,29.5,85.1
18:02:55,02:55.3,44.47996,-73.198185,29.75,85.55
18:02:56,02:56.3,44.47997,-73.198175,29.75,85.55
18:02:57,02:57.3,44.479985,-73.198165,29.75,85.55
18:02:58,02:58.3,44.48,-73.19815833,29.25,84.65
18:02:59,02:59.3,44.48001667,-73.19816167,28.75,83.75
18:03:00,03:00.3,44.48003167,-73.198165,28.75,83.75
18:03:01,03:01.3,44.480045,-73.19817167,28.5,83.3
18:03:02,03:02.3,44.48005667,-73.19818167,28.5,83.3
18:03:03,03:03.3,44.480065,-73.19819333,28.5,83.3
18:03:04,03:04.3,44.48007333,-73.19820333,27.75,81.95
18:03:05,03:05.3,44.48008167,-73.198215,28,82.4
18:03:06,03:06.3,44.48008667,-73.19822833,25.25,77.45
18:03:07,03:07.3,44.48008833,-73.19824,28,82.4
18:03:08,03:08.3,44.48009167,-73.19825333,26.75,80.15
18:03:09,03:09.3,44.48009667,-73.19826333,27.75,81.95
18:03:10,03:10.3,44.48010333,-73.198275,27.25,81.05
18:03:11,03:11.3,44.48010833,-73.19828667,27.75,81.95
18:03:12,03:12.3,44.48011333,-73.19830167,28,82.4
18:03:13,03:13.3,44.48011333,-73.19831833,27.75,81.95
18:03:14,03:14.3,44.48011167,-73.19833333,27,80.6
18:03:15,03:15.3,44.48011333,-73.19834667,27,80.6
18:03:16,03:16.3,44.480115,-73.19836333,27,80.6
18:03:17,03:17.3,44.480115,-73.19837667,27.5,81.5
18:03:18,03:18.3,44.48012167,-73.19839,27.75,81.95
18:03:19,03:19.3,44.48012667,-73.19840333,28,82.4
18:03:20,03:20.3,44.48013,-73.19841667,28.25,82.85
18:03:21,03:21.3,44.480135,-73.19843167,25,77
18:03:22,03:22.3,44.48013667,-73.19844833,28,82.4
18:03:23,03:23.3,44.48014,-73.19847,28.25,82.85
18:03:24,03:24.3,44.48014,-73.198485,28.5,83.3
18:03:25,03:25.3,44.48014667,-73.19850333,28.25,82.85
18:03:26,03:26.3,44.48014833,-73.19852,28.25,82.85
18:03:27,03:27.3,44.48015,-73.19853333,28,82.4
18:03:28,03:28.3,44.48016167,-73.19854667,27.5,81.5
18:03:29,03:29.3,44.48016667,-73.19856333,27.75,81.95
18:03:30,03:30.3,44.48016833,-73.19857833,28,82.4
18:03:31,03:31.3,44.48017167,-73.198595,28,82.4
18:03:32,03:32.3,44.48017667,-73.19860667,28.25,82.85
18:03:33,03:33.3,44.48018167,-73.19862,28,82.4
18:03:34,03:34.3,44.48018667,-73.19863333,28,82.4
18:03:35,03:35.3,44.48019,-73.19864,27.75,81.95
18:03:36,03:36.3,44.48019833,-73.19864833,24,75.2
18:03:37,03:37.3,44.48020333,-73.19865833,27.5,81.5
18:03:38,03:38.3,44.48021,-73.19866833,26,78.8
18:03:39,03:39.3,44.480215,-73.198675,27.25,81.05
18:03:40,03:40.3,44.48022167,-73.19868,27,80.6
18:03:41,03:41.3,44.48022667,-73.19868667,26.5,79.7
18:03:42,03:42.3,44.48023667,-73.19868333,27.25,81.05
18:03:43,03:43.3,44.48024333,-73.198685,27,80.6
18:03:44,03:44.3,44.48025167,-73.198685,27.5,81.5
18:03:45,03:45.3,44.48025667,-73.19868167,27.25,81.05
18:03:46,03:46.3,44.48026167,-73.19867667,27.25,81.05
18:03:47,03:47.3,44.48026833,-73.198685,27.5,81.5
18:03:48,03:48.3,44.48027333,-73.19868667,27.5,81.5
18:03:49,03:49.3,44.48027833,-73.198685,27.25,81.05
18:03:50,03:50.3,44.480285,-73.19869,27.5,81.5
18:03:51,03:51.3,44.480295,-73.198695,24.5,76.1
18:03:52,03:52.3,44.48030333,-73.19869667,27.5,81.5
18:03:53,03:53.3,44.48031167,-73.19869833,27.75,81.95
18:03:54,03:54.3,44.48031667,-73.19870333,27.75,81.95
18:03:55,03:55.3,44.48031833,-73.19870833,27.75,81.95
18:03:56,03:56.3,44.480325,-73.19871167,27.75,81.95
18:03:57,03:57.3,44.48033333,-73.19871833,27.75,81.95
18:03:58,03:58.3,44.48034,-73.198725,27.75,81.95
18:03:59,03:59.3,44.48035333,-73.19873,27.75,81.95
18:04:00,04:00.3,44.48036167,-73.19873333,27.75,81.95
18:04:01,04:01.3,44.48036667,-73.19874333,27.75,81.95
18:04:02,04:02.3,44.48037833,-73.19874,27.5,81.5
18:04:03,04:03.3,44.48039,-73.19874667,27.75,81.95
18:04:04,04:04.3,44.48040167,-73.19874667,28,82.4
18:04:05,04:05.3,44.48041167,-73.19874333,27.75,81.95
18:04:06,04:06.3,44.48041833,-73.19874833,26.5,79.7
18:04:07,04:07.3,44.48043,-73.19874833,27.5,81.5
18:04:08,04:08.3,44.48044167,-73.19875,27.25,81.05
18:04:09,04:09.3,44.48045333,-73.19875167,27.25,81.05
18:04:10,04:10.3,44.48046333,-73.198755,27.75,81.95
18:04:11,04:11.3,44.48047333,-73.19876333,27.75,81.95
18:04:12,04:12.3,44.48048167,-73.19877167,28,82.4
18:04:13,04:13.3,44.48049333,-73.19878167,28,82.4
18:04:14,04:14.3,44.48050667,-73.19879833,28.25,82.85
18:04:15,04:15.3,44.48051667,-73.19881333,28.25,82.85
18:04:16,04:16.3,44.480525,-73.19882833,28.25,82.85
18:04:17,04:17.3,44.48053333,-73.19884167,28.25,82.85
18:04:18,04:18.3,44.48053833,-73.19885833,27.75,81.95
18:04:19,04:19.3,44.48054,-73.19887667,27.75,81.95
18:04:20,04:20.3,44.48054333,-73.19889333,27.5,81.5
18:04:21,04:21.3,44.48054833,-73.19891,25,77
18:04:22,04:22.3,44.48055167,-73.19892833,27.25,81.05
18:04:23,04:23.3,44.48055,-73.19894167,27,80.6
18:04:24,04:24.3,44.48055167,-73.19895833,27.25,81.05
18:04:25,04:25.3,44.48055,-73.198975,27.25,81.05
18:04:26,04:26.3,44.48054667,-73.19899333,27,80.6
18:04:27,04:27.3,44.48055,-73.19901167,27,80.6
18:04:28,04:28.3,44.48055,-73.19902833,27.25,81.05
18:04:29,04:29.3,44.48054833,-73.19904833,27.25,81.05
18:04:30,04:30.3,44.480545,-73.199065,27.25,81.05
18:04:31,04:31.3,44.48054167,-73.19908333,27.25,81.05
18:04:32,04:32.3,44.48054,-73.19910167,27.25,81.05
18:04:33,04:33.3,44.48053833,-73.19912167,27.25,81.05
18:04:34,04:34.3,44.48054,-73.19913833,27.25,81.05
18:04:35,04:35.3,44.480545,-73.19915667,27.25,81.05
18:04:36,04:36.3,44.48054667,-73.199175,27.25,81.05
18:04:37,04:37.3,44.48054833,-73.19919167,27.25,81.05
18:04:38,04:38.3,44.48054667,-73.19920667,27.25,81.05
18:04:39,04:39.3,44.48054667,-73.19922333,27.25,81.05
18:04:40,04:40.3,44.48054833,-73.19924167,27,80.6
18:04:41,04:41.3,44.480545,-73.19925667,27,80.6
18:04:42,04:42.3,44.48054667,-73.19927333,27.25,81.05
18:04:43,04:43.3,44.480545,-73.19929,27.25,81.05
18:04:44,04:44.3,44.48054333,-73.19930667,25.25,77.45
18:04:45,04:45.3,44.480545,-73.19932333,27.25,81.05
18:04:46,04:46.3,44.48055167,-73.19933667,27.25,81.05
18:04:47,04:47.3,44.48055833,-73.19935,27.25,81.05
18:04:48,04:48.3,44.480565,-73.19936333,27.25,81.05
18:04:49,04:49.3,44.48057,-73.199375,27.25,81.05
18:04:50,04:50.3,44.48057333,-73.19938833,27.25,81.05
18:04:51,04:51.3,44.48057667,-73.19939667,27.25,81.05
18:04:52,04:52.3,44.480585,-73.19940667,27.25,81.05
18:04:53,04:53.3,44.48059333,-73.19941833,27.25,81.05
18:04:54,04:54.3,44.48059667,-73.19943,27.25,81.05
18:04:55,04:55.3,44.48059667,-73.199445,27.25,81.05
18:04:56,04:56.3,44.480595,-73.19946,27.25,81.05
18:04:57,04:57.3,44.48059667,-73.199475,27.25,81.05
18:04:58,04:58.3,44.48060333,-73.19948667,27.25,81.05
18:04:59,04:59.3,44.48061667,-73.19949667,27.25,81.05
18:05:00,05:00.3,44.48062667,-73.19950667,27.25,81.05
18:05:01,05:01.3,44.48063333,-73.19951667,27.25,81.05
18:05:02,05:02.3,44.48063167,-73.19953333,27.5,81.5
18:05:03,05:03.3,44.48062667,-73.19954833,27.75,81.95
18:05:04,05:04.3,44.480605,-73.199565,27.75,81.95
18:05:05,05:05.3,44.480585,-73.19956833,27.75,81.95
18:05:06,05:06.3,44.480565,-73.19957,25.25,77.45
18:05:07,05:07.3,44.480545,-73.19957,27.25,81.05
18:05:08,05:08.3,44.48052667,-73.19957,27.25,81.05
18:05:09,05:09.3,44.48051,-73.19957,27.25,81.05
18:05:10,05:10.3,44.48049333,-73.19957,27,80.6
18:05:11,05:11.3,44.48048167,-73.199565,27.25,81.05
18:05:12,05:12.3,44.480465,-73.19956333,27.25,81.05
18:05:13,05:13.3,44.48045,-73.19956167,27.25,81.05
18:05:14,05:14.3,44.480435,-73.19956,27.25,81.05
18:05:15,05:15.3,44.48042,-73.19955833,27,80.6
18:05:16,05:16.3,44.48040333,-73.19955667,27.25,81.05
18:05:17,05:17.3,44.48039,-73.19955667,27,80.6
18:05:18,05:18.3,44.480375,-73.199555,27,80.6
18:05:19,05:19.3,44.48036167,-73.19955333,27,80.6
18:05:20,05:20.3,44.48034667,-73.199555,27,80.6
18:05:21,05:21.3,44.48033333,-73.19955333,27,80.6
18:05:22,05:22.3,44.48032,-73.19955333,27,80.6
18:05:23,05:23.3,44.480305,-73.19955167,27.25,81.05
18:05:24,05:24.3,44.48029,-73.19955167,27.5,81.5
18:05:25,05:25.3,44.48028,-73.19954833,27.75,81.95
18:05:26,05:26.3,44.48026667,-73.19954667,27.75,81.95
18:05:27,05:27.3,44.48025333,-73.19955,28,82.4
18:05:28,05:28.3,44.48024,-73.19955167,28,82.4
18:05:29,05:29.3,44.48022667,-73.19955333,24.5,76.1
18:05:30,05:30.3,44.480215,-73.19955333,28,82.4
18:05:31,05:31.3,44.48020333,-73.19955,27.75,81.95
18:05:32,05:32.3,44.48019333,-73.19955167,28,82.4
18:05:33,05:33.3,44.480185,-73.19954667,28,82.4
18:05:34,05:34.3,44.48017333,-73.19954333,28.25,82.85
18:05:35,05:35.3,44.48016,-73.199545,27.75,81.95
18:05:36,05:36.3,44.48014833,-73.19954333,27.5,81.5
18:05:37,05:37.3,44.480135,-73.19954167,25.5,77.9
18:05:38,05:38.3,44.480125,-73.19954,27.25,81.05
18:05:39,05:39.3,44.48011333,-73.19954,27.25,81.05
18:05:40,05:40.3,44.48009833,-73.19953833,27.25,81.05
18:05:41,05:41.3,44.480085,-73.19953333,27.25,81.05
18:05:42,05:42.3,44.480075,-73.19952667,27.25,81.05
18:05:43,05:43.3,44.48006333,-73.19952,27.25,81.05
18:05:44,05:44.3,44.48005333,-73.199515,27.25,81.05
18:05:45,05:45.3,44.48003833,-73.19951667,27.25,81.05
18:05:46,05:46.3,44.48002333,-73.19951333,27.25,81.05
18:05:47,05:47.3,44.48001,-73.19951333,27.5,81.5
18:05:48,05:48.3,44.47999333,-73.19951667,27.5,81.5
18:05:49,05:49.3,44.47997833,-73.199515,27.5,81.5
18:05:50,05:50.3,44.47996,-73.19951833,27.75,81.95
18:05:51,05:51.3,44.47994167,-73.19952667,28,82.4
18:05:52,05:52.3,44.47992333,-73.19953,28,82.4
18:05:53,05:53.3,44.47991,-73.19953167,28,82.4
18:05:54,05:54.3,44.479895,-73.19953333,28.25,82.85
18:05:55,05:55.3,44.47988167,-73.19953167,28.25,82.85
18:05:56,05:56.3,44.47986667,-73.19952667,28.25,82.85
18:05:57,05:57.3,44.47985333,-73.19952333,28.25,82.85
18:05:58,05:58.3,44.47983667,-73.19952,28.25,82.85
18:05:59,05:59.3,44.47982,-73.19951833,28.25,82.85
18:06:00,06:00.3,44.479805,-73.199515,28.5,83.3
18:06:01,06:01.3,44.47979167,-73.19951,28.75,83.75
18:06:02,06:02.3,44.47977667,-73.19950833,28.75,83.75
18:06:03,06:03.3,44.479765,-73.1995,28.75,83.75
18:06:04,06:04.3,44.47975167,-73.19949833,28.5,83.3
18:06:05,06:05.3,44.47974167,-73.199495,28.5,83.3
18:06:06,06:06.3,44.47973167,-73.19949,25,77
18:06:07,06:07.3,44.47972167,-73.19948667,28.75,83.75
18:06:08,06:08.3,44.47971167,-73.19948167,28.75,83.75
18:06:09,06:09.3,44.4797,-73.19948333,28.75,83.75
18:06:10,06:10.3,44.47968833,-73.19948333,28.75,83.75
18:06:11,06:11.3,44.47967833,-73.19948167,29,84.2
18:06:12,06:12.3,44.47966833,-73.19947667,29,84.2
18:06:13,06:13.3,44.47965667,-73.19947333,28.5,83.3
18:06:14,06:14.3,44.479645,-73.19947,26.25,79.25
18:06:15,06:15.3,44.47963333,-73.199465,28.5,83.3
18:06:16,06:16.3,44.47962167,-73.19946333,28.5,83.3
18:06:17,06:17.3,44.47961167,-73.19945833,28.75,83.75
18:06:18,06:18.3,44.47960333,-73.19945333,28.75,83.75
18:06:19,06:19.3,44.47959333,-73.19945,29,84.2
18:06:20,06:20.3,44.47958333,-73.199445,28.75,83.75
18:06:21,06:21.3,44.47957,-73.19944333,28.75,83.75
18:06:22,06:22.3,44.47955333,-73.19944333,28.5,83.3
18:06:23,06:23.3,44.47954167,-73.19944,28.5,83.3
18:06:24,06:24.3,44.47952667,-73.19944,28.5,83.3
18:06:25,06:25.3,44.47951,-73.19944167,28.25,82.85
18:06:26,06:26.3,44.47949833,-73.19943833,28.25,82.85
18:06:27,06:27.3,44.47948833,-73.19943667,28.25,82.85
18:06:28,06:28.3,44.479475,-73.19943667,28.25,82.85
18:06:29,06:29.3,44.47946167,-73.19943833,28.5,83.3
18:06:30,06:30.3,44.47944833,-73.19943833,28.5,83.3
18:06:31,06:31.3,44.47943333,-73.19943833,28.25,82.85
18:06:32,06:32.3,44.47942,-73.19944,28,82.4
18:06:33,06:33.3,44.479405,-73.19944,28,82.4
18:06:34,06:34.3,44.47938833,-73.19944,27.75,81.95
18:06:35,06:35.3,44.47937333,-73.19943833,27.75,81.95
18:06:36,06:36.3,44.47935833,-73.19943667,27.75,81.95
18:06:37,06:37.3,44.47934667,-73.19943333,27.75,81.95
18:06:38,06:38.3,44.479335,-73.19943,28,82.4
18:06:39,06:39.3,44.47932167,-73.19942667,28,82.4
18:06:40,06:40.3,44.47931167,-73.19942167,28.25,82.85
18:06:41,06:41.3,44.47930167,-73.19941833,28.25,82.85
18:06:42,06:42.3,44.479285,-73.19941833,28.5,83.3
18:06:43,06:43.3,44.47927167,-73.19941833,28.5,83.3
18:06:44,06:44.3,44.47926167,-73.19941833,28.75,83.75
18:06:45,06:45.3,44.47924833,-73.19942,25.75,78.35
18:06:46,06:46.3,44.47923333,-73.19942,28.5,83.3
18:06:47,06:47.3,44.47922,-73.19942167,28.25,82.85
18:06:48,06:48.3,44.47920667,-73.19941833,28.25,82.85
18:06:49,06:49.3,44.47919333,-73.199415,28.25,82.85
18:06:50,06:50.3,44.47918333,-73.19941167,28.25,82.85
18:06:51,06:51.3,44.47917,-73.19941,28.25,82.85
18:06:52,06:52.3,44.47915833,-73.19940667,28.25,82.85
18:06:53,06:53.3,44.479145,-73.19940333,27.5,81.5
18:06:54,06:54.3,44.47913,-73.19940167,28.5,83.3
18:06:55,06:55.3,44.47911167,-73.199405,28,82.4
18:06:56,06:56.3,44.47909833,-73.19940167,28,82.4
18:06:57,06:57.3,44.47908667,-73.19939667,27.5,81.5
18:06:58,06:58.3,44.47907333,-73.19939167,27.25,81.05
18:06:59,06:59.3,44.47906167,-73.19938833,27.25,81.05
18:07:00,07:00.3,44.47905167,-73.19938167,27.25,81.05
18:07:01,07:01.3,44.47903833,-73.19937833,27.25,81.05
18:07:02,07:02.3,44.47902833,-73.199375,27.25,81.05
18:07:03,07:03.3,44.47901667,-73.19937,27.25,81.05
18:07:04,07:04.3,44.47900167,-73.19936667,27,80.6
18:07:05,07:05.3,44.47898667,-73.199365,27,80.6
18:07:06,07:06.3,44.47897167,-73.19936167,24,75.2
18:07:07,07:07.3,44.47895833,-73.19935833,27.25,81.05
18:07:08,07:08.3,44.47895,-73.19936,27.25,81.05
18:07:09,07:09.3,44.47893833,-73.19936167,27.25,81.05
18:07:10,07:10.3,44.47892667,-73.19936,27.5,81.5
18:07:11,07:11.3,44.478915,-73.19935833,27.5,81.5
18:07:12,07:12.3,44.478905,-73.19935,27.5,81.5
18:07:13,07:13.3,44.47889,-73.19934833,27.75,81.95
18:07:14,07:14.3,44.47887667,-73.19934833,24.25,75.65
18:07:15,07:15.3,44.478865,-73.19934833,28,82.4
18:07:16,07:16.3,44.47885667,-73.19934333,28.25,82.85
18:07:17,07:17.3,44.47884667,-73.199345,28.25,82.85
18:07:18,07:18.3,44.47883833,-73.19935333,28,82.4
18:07:19,07:19.3,44.47883167,-73.19936333,27.75,81.95
18:07:20,07:20.3,44.47882167,-73.19938333,27.5,81.5
18:07:21,07:21.3,44.47882,-73.19939333,27.5,81.5
18:07:22,07:22.3,44.47882,-73.19940667,25.5,77.9
18:07:23,07:23.3,44.47882333,-73.199425,27.25,81.05
18:07:24,07:24.3,44.47882667,-73.19944167,27.25,81.05
18:07:25,07:25.3,44.47883333,-73.19945667,27.25,81.05
18:07:26,07:26.3,44.47884333,-73.19947,27,80.6
18:07:27,07:27.3,44.47885167,-73.19948833,27,80.6
18:07:28,07:28.3,44.47885833,-73.199505,27,80.6
18:07:29,07:29.3,44.47886333,-73.19952,27,80.6
18:07:30,07:30.3,44.47886333,-73.19953833,27,80.6
18:07:31,07:31.3,44.47886333,-73.19956333,26.75,80.15
18:07:32,07:32.3,44.47887333,-73.19957333,26.75,80.15
18:07:33,07:33.3,44.47888167,-73.19958333,26.75,80.15
18:07:34,07:34.3,44.47889167,-73.1996,26.75,80.15
18:07:35,07:35.3,44.47889667,-73.19961667,27,80.6
18:07:36,07:36.3,44.47890333,-73.19963667,27,80.6
18:07:37,07:37.3,44.478915,-73.19965,27,80.6
18:07:38,07:38.3,44.47892167,-73.19966333,27,80.6
18:07:39,07:39.3,44.47893,-73.19967667,27,80.6
18:07:40,07:40.3,44.47893667,-73.19968667,27,80.6
18:07:41,07:41.3,44.47894667,-73.199705,26.75,80.15
18:07:42,07:42.3,44.47895833,-73.19971667,26.75,80.15
18:07:43,07:43.3,44.47896667,-73.19973,26.75,80.15
18:07:44,07:44.3,44.47897833,-73.19974333,26.75,80.15
18:07:45,07:45.3,44.47898833,-73.199755,23.75,74.75
18:07:46,07:46.3,44.479,-73.19976333,27,80.6
18:07:47,07:47.3,44.479015,-73.19977667,27.25,81.05
18:07:48,07:48.3,44.47902167,-73.19979,27.25,81.05
18:07:49,07:49.3,44.47902833,-73.19980333,27.25,81.05
18:07:50,07:50.3,44.47904,-73.19981833,27.25,81.05
18:07:51,07:51.3,44.47904667,-73.19983333,27.25,81.05
18:07:52,07:52.3,44.47905167,-73.19984833,27.25,81.05
18:07:53,07:53.3,44.47906167,-73.19986,27.25,81.05
18:07:54,07:54.3,44.47907,-73.19987333,27.25,81.05
18:07:55,07:55.3,44.47907833,-73.19988833,27.5,81.5
18:07:56,07:56.3,44.479085,-73.19990333,27.5,81.5
18:07:57,07:57.3,44.47909333,-73.19991833,27.25,81.05
18:07:58,07:58.3,44.47909833,-73.19993167,27.5,81.5
18:07:59,07:59.3,44.4791,-73.19994333,27.5,81.5
18:08:00,08:00.3,44.47910333,-73.19995,27.5,81.5
18:08:01,08:01.3,44.479105,-73.19995333,27.5,81.5
18:08:02,08:02.3,44.47909833,-73.199955,27.5,81.5
18:08:03,08:03.3,44.47909667,-73.19995167,27.5,81.5
18:08:04,08:04.3,44.4791,-73.19995167,27.5,81.5
18:08:05,08:05.3,44.47909667,-73.19995167,27.5,81.5
18:08:06,08:06.3,44.479095,-73.19995333,26.5,79.7
18:08:07,08:07.3,44.47909333,-73.19995167,27.5,81.5
18:08:08,08:08.3,44.47909333,-73.19995167,27.5,81.5
18:08:09,08:09.3,44.47909167,-73.19995167,27.5,81.5
18:08:10,08:10.3,44.47909167,-73.19995167,27.5,81.5
18:08:11,08:11.3,44.47909167,-73.19995333,27.5,81.5
18:08:12,08:12.3,44.47909167,-73.19995333,27.25,81.05
18:08:13,08:13.3,44.47909167,-73.19995333,27.5,81.5
18:08:14,08:14.3,44.47909167,-73.199955,24.75,76.55
18:08:15,08:15.3,44.47909167,-73.199955,27.5,81.5
18:08:16,08:16.3,44.47909,-73.19995667,27.5,81.5
18:08:17,08:17.3,44.47909,-73.19995667,27.5,81.5
18:08:18,08:18.3,44.47909,-73.19995833,27.5,81.5
18:08:19,08:19.3,44.47909,-73.19995833,27.75,81.95
18:08:20,08:20.3,44.47908833,-73.19995833,27.75,81.95
18:08:21,08:21.3,44.47909,-73.19995833,27.75,81.95
18:08:22,08:22.3,44.47909,-73.19995833,26.5,79.7
18:08:23,08:23.3,44.47909,-73.19995833,28,82.4
18:08:24,08:24.3,44.47908833,-73.19995833,28,82.4
18:08:25,08:25.3,44.47908833,-73.19995833,28,82.4
18:08:26,08:26.3,44.47908667,-73.19996,28,82.4
18:08:27,08:27.3,44.47908667,-73.19996,27.75,81.95
18:08:28,08:28.3,44.47908667,-73.19996167,27.75,81.95
18:08:29,08:29.3,44.479085,-73.19996167,28,82.4
18:08:30,08:30.3,44.479085,-73.19996333,28,82.4
18:08:31,08:31.3,44.47908333,-73.19996333,28,82.4
18:08:32,08:32.3,44.47908167,-73.199965,28,82.4
18:08:33,08:33.3,44.47908167,-73.199965,28,82.4
18:08:34,08:34.3,44.47908,-73.19996333,28,82.4
18:08:35,08:35.3,44.47907833,-73.19996333,28,82.4
18:08:36,08:36.3,44.47908,-73.19996167,28,82.4
18:08:37,08:37.3,44.47908167,-73.19996167,28,82.4
18:08:38,08:38.3,44.47908333,-73.19996,28,82.4
18:08:39,08:39.3,44.479085,-73.19996,28,82.4
18:08:40,08:40.3,44.47908167,-73.19996,28,82.4
18:08:41,08:41.3,44.47907833,-73.19995833,28,82.4
18:08:42,08:42.3,44.47906667,-73.19996333,28,82.4
18:08:43,08:43.3,44.479055,-73.19996833,28,82.4
18:08:44,08:44.3,44.479055,-73.19996833,28,82.4
18:08:45,08:45.3,44.479055,-73.19996667,26.25,79.25
18:08:46,08:46.3,44.47905667,-73.19996667,28,82.4
18:08:47,08:47.3,44.47905667,-73.199965,28,82.4
18:08:48,08:48.3,44.47905667,-73.199965,28,82.4
18:08:49,08:49.3,44.47905667,-73.19996333,28,82.4
18:08:50,08:50.3,44.47905667,-73.19996333,28,82.4
18:08:51,08:51.3,44.47905667,-73.19996333,28,82.4
18:08:52,08:52.3,44.47905667,-73.19996333,28,82.4
18:08:53,08:53.3,44.47905833,-73.19996333,26.75,80.15
18:08:54,08:54.3,44.47905833,-73.19996333,28,82.4
18:08:55,08:55.3,44.47905833,-73.19996333,28,82.4
18:08:56,08:56.3,44.47906,-73.19996167,28,82.4
18:08:57,08:57.3,44.47906167,-73.19996167,28,82.4
18:08:58,08:58.3,44.47906167,-73.19996333,28,82.4
18:08:59,08:59.3,44.47906333,-73.19996333,28,82.4
18:09:00,09:00.3,44.479065,-73.19996333,27.75,81.95
18:09:01,09:01.3,44.47906667,-73.199965,27.75,81.95
18:09:02,09:02.3,44.47906833,-73.199965,28,82.4
18:09:03,09:03.3,44.47906833,-73.19996667,28,82.4
18:09:04,09:04.3,44.47906833,-73.19996667,28,82.4
18:09:05,09:05.3,44.47906833,-73.19996833,28,82.4
18:09:06,09:06.3,44.47906833,-73.19996833,25.75,78.35
18:09:07,09:07.3,44.47906833,-73.19996833,28,82.4
18:09:08,09:08.3,44.47906833,-73.19997,28,82.4
18:09:09,09:09.3,44.47906833,-73.19997,28,82.4
18:09:10,09:10.3,44.47906833,-73.19997,28,82.4
18:09:11,09:11.3,44.47907,-73.19997,28,82.4
18:09:12,09:12.3,44.47907167,-73.19997,28,82.4
18:09:13,09:13.3,44.47907333,-73.19997,28,82.4
18:09:14,09:14.3,44.479075,-73.19997,27.25,81.05
18:09:15,09:15.3,44.479075,-73.19997,28,82.4
18:09:16,09:16.3,44.47907667,-73.19996833,28,82.4
18:09:17,09:17.3,44.47907833,-73.19996833,28,82.4
18:09:18,09:18.3,44.47908,-73.19996667,28,82.4
18:09:19,09:19.3,44.47908333,-73.199965,27.75,81.95
18:09:20,09:20.3,44.479085,-73.199965,28,82.4
18:09:21,09:21.3,44.47908667,-73.19996333,27.75,81.95
18:09:22,09:22.3,44.47909,-73.19996333,28,82.4
18:09:23,09:23.3,44.47909167,-73.19996333,27.75,81.95
18:09:24,09:24.3,44.479095,-73.19996333,27.75,81.95
18:09:25,09:25.3,44.47909667,-73.19996333,27.75,81.95
18:09:26,09:26.3,44.47909833,-73.19996167,27.75,81.95
18:09:27,09:27.3,44.47909833,-73.19996,27.75,81.95
18:09:28,09:28.3,44.4791,-73.19995833,27.75,81.95
18:09:29,09:29.3,44.4791,-73.19995667,27.75,81.95
18:09:30,09:30.3,44.47909833,-73.19995667,27.75,81.95
18:09:31,09:31.3,44.47909833,-73.199955,27.75,81.95
18:09:32,09:32.3,44.47909667,-73.19995333,27.75,81.95
18:09:33,09:33.3,44.47905833,-73.199935,27.75,81.95
18:09:34,09:34.3,44.47904833,-73.19992,27.75,81.95
18:09:35,09:35.3,44.47903167,-73.19990833,27.75,81.95
18:09:36,09:36.3,44.47901833,-73.19989833,27.75,81.95
18:09:37,09:37.3,44.47899833,-73.19988333,27.75,81.95
18:09:38,09:38.3,44.47897833,-73.19987167,27.75,81.95
18:09:39,09:39.3,44.47897,-73.199865,27.75,81.95
18:09:40,09:40.3,44.47896167,-73.19986,27.75,81.95
18:09:41,09:41.3,44.47894167,-73.199845,27.5,81.5
18:09:42,09:42.3,44.47894,-73.199835,27.75,81.95
18:09:43,09:43.3,44.47893833,-73.19983167,27.5,81.5
18:09:44,09:44.3,44.47892667,-73.19983167,27.5,81.5
18:09:45,09:45.3,44.47891333,-73.19983667,25.5,77.9
18:09:46,09:46.3,44.47890167,-73.19983833,27.5,81.5
18:09:47,09:47.3,44.47889833,-73.19983833,27.5,81.5
18:09:48,09:48.3,44.47891667,-73.19983833,27.5,81.5
18:09:49,09:49.3,44.47893333,-73.19984,27.5,81.5
18:09:50,09:50.3,44.47894,-73.19983833,27.5,81.5
18:09:51,09:51.3,44.47894333,-73.199835,27.5,81.5
18:09:52,09:52.3,44.47894333,-73.199835,27.5,81.5
18:09:53,09:53.3,44.478945,-73.19983333,27,80.6
18:09:54,09:54.3,44.47894667,-73.19983167,27.5,81.5
18:09:55,09:55.3,44.47894833,-73.19983167,27.5,81.5
18:09:56,09:56.3,44.47895,-73.19983167,27.5,81.5
18:09:57,09:57.3,44.47895167,-73.19983167,27.5,81.5
18:09:58,09:58.3,44.47895167,-73.19983167,27.5,81.5
18:09:59,09:59.3,44.47895333,-73.19983,27.25,81.05
18:10:00,10:00.3,44.47895333,-73.19983,27.25,81.05
18:10:01,10:01.3,44.47895333,-73.19983,27.25,81.05
18:10:02,10:02.3,44.478955,-73.19983,27.25,81.05
18:10:03,10:03.3,44.478955,-73.19983167,27.25,81.05
18:10:04,10:04.3,44.478955,-73.19983167,27.25,81.05
18:10:05,10:05.3,44.478955,-73.19983167,27.25,81.05
18:10:06,10:06.3,44.478955,-73.19983333,25,77
18:10:07,10:07.3,44.47895667,-73.19983333,27.5,81.5
18:10:08,10:08.3,44.47895667,-73.199835,27.25,81.05
18:10:09,10:09.3,44.47895833,-73.19983667,27.25,81.05
18:10:10,10:10.3,44.47896,-73.19983667,27.25,81.05
18:10:11,10:11.3,44.47896167,-73.19983833,27.5,81.5
18:10:12,10:12.3,44.47896333,-73.19984,27.5,81.5
18:10:13,10:13.3,44.478965,-73.19984,27.5,81.5
18:10:14,10:14.3,44.478965,-73.19984333,23.75,74.75
18:10:15,10:15.3,44.478965,-73.19984333,27.5,81.5
18:10:16,10:16.3,44.478965,-73.19984333,27.5,81.5
18:10:17,10:17.3,44.478965,-73.19984667,27.5,81.5
18:10:18,10:18.3,44.47896333,-73.19984833,27.5,81.5
18:10:19,10:19.3,44.47896333,-73.19985,27.5,81.5
18:10:20,10:20.3,44.47896333,-73.19985167,27.5,81.5
18:10:21,10:21.3,44.47896333,-73.19985167,27.5,81.5
18:10:22,10:22.3,44.478965,-73.19985333,27.5,81.5
18:10:23,10:23.3,44.478965,-73.19985333,27.5,81.5
18:10:24,10:24.3,44.47896667,-73.199855,27.25,81.05
18:10:25,10:25.3,44.47897,-73.199855,27.5,81.5
18:10:26,10:26.3,44.47897167,-73.199855,27.5,81.5
18:10:27,10:27.3,44.47897333,-73.199855,27.5,81.5
18:10:28,10:28.3,44.478975,-73.199855,27.5,81.5
18:10:29,10:29.3,44.47897667,-73.199855,27.5,81.5
18:10:30,10:30.3,44.47897667,-73.19985667,27.5,81.5
18:10:31,10:31.3,44.47897667,-73.19985833,27.75,81.95
18:10:32,10:32.3,44.47897667,-73.19986,27.75,81.95
18:10:33,10:33.3,44.47897667,-73.19986333,27.75,81.95
18:10:34,10:34.3,44.478975,-73.199865,27.75,81.95
18:10:35,10:35.3,44.478975,-73.19986833,27.5,81.5
18:10:36,10:36.3,44.478975,-73.19987,27.5,81.5
18:10:37,10:37.3,44.47897667,-73.19987167,27.5,81.5
18:10:38,10:38.3,44.47897667,-73.19987333,27.5,81.5
18:10:39,10:39.3,44.47897833,-73.199875,27.5,81.5
18:10:40,10:40.3,44.47898833,-73.19988167,27.75,81.95
18:10:41,10:41.3,44.47899,-73.199885,27.75,81.95
18:10:42,10:42.3,44.47899333,-73.19988833,27.75,81.95
18:10:43,10:43.3,44.478995,-73.199885,27.75,81.95
18:10:44,10:44.3,44.478995,-73.199885,27.75,81.95
18:10:45,10:45.3,44.47899833,-73.19988667,26.5,79.7
18:10:46,10:46.3,44.479,-73.19988667,27.5,81.5
18:10:47,10:47.3,44.47899667,-73.19989167,27.5,81.5
18:10:48,10:48.3,44.47899833,-73.19989333,27.5,81.5
18:10:49,10:49.3,44.47899833,-73.19989333,27.5,81.5
18:10:50,10:50.3,44.47899833,-73.19989167,27.75,81.95
18:10:51,10:51.3,44.479,-73.19989167,27.75,81.95
18:10:52,10:52.3,44.47900167,-73.19989,27.75,81.95
18:10:53,10:53.3,44.47900167,-73.19988833,27.25,81.05
18:10:54,10:54.3,44.47900333,-73.19988667,27.75,81.95
18:10:55,10:55.3,44.479005,-73.19988667,27.75,81.95
18:10:56,10:56.3,44.479005,-73.19988667,27.75,81.95
18:10:57,10:57.3,44.47900667,-73.19988667,27.75,81.95
18:10:58,10:58.3,44.47900667,-73.19988667,27.75,81.95
18:10:59,10:59.3,44.479005,-73.19988667,27.75,81.95
18:11:00,11:00.3,44.479005,-73.19988667,27.75,81.95
18:11:01,11:01.3,44.479005,-73.19988667,27.75,81.95
18:11:02,11:02.3,44.479005,-73.19988667,27.75,81.95
18:11:03,11:03.3,44.47900333,-73.19988667,27.75,81.95
18:11:04,11:04.3,44.47900333,-73.19988667,27.75,81.95
18:11:05,11:05.3,44.47900333,-73.19988667,27.75,81.95
18:11:06,11:06.3,44.47900333,-73.19988833,27.25,81.05
18:11:07,11:07.3,44.47900333,-73.19988833,27.75,81.95
18:11:08,11:08.3,44.47900333,-73.19988833,27.75,81.95
18:11:09,11:09.3,44.47900167,-73.19988833,27.75,81.95
18:11:10,11:10.3,44.47900167,-73.19988667,27.75,81.95
18:11:11,11:11.3,44.47900167,-73.19988667,27.5,81.5
18:11:12,11:12.3,44.47900333,-73.19988667,27.5,81.5
18:11:13,11:13.3,44.47900333,-73.199885,27.5,81.5
18:11:14,11:14.3,44.479005,-73.19988667,24.25,75.65
18:11:15,11:15.3,44.47900667,-73.19989,27.25,81.05
18:11:16,11:16.3,44.47902333,-73.19989833,27.25,81.05
18:11:17,11:17.3,44.47901667,-73.199905,27.5,81.5
18:11:18,11:18.3,44.47900333,-73.19990667,27.5,81.5
18:11:19,11:19.3,44.47899667,-73.19990833,27.25,81.05
18:11:20,11:20.3,44.47899,-73.19991167,27.25,81.05
18:11:21,11:21.3,44.47899,-73.19991167,27.25,81.05
18:11:22,11:22.3,44.47899167,-73.19991333,24.5,76.1
18:11:23,11:23.3,44.47899333,-73.19991333,27.25,81.05
18:11:24,11:24.3,44.47899333,-73.19991333,27.25,81.05
18:11:25,11:25.3,44.478995,-73.199915,27.25,81.05
18:11:26,11:26.3,44.47899667,-73.19991667,27,80.6
18:11:27,11:27.3,44.47899667,-73.19991667,27,80.6
18:11:28,11:28.3,44.47899833,-73.19991667,27,80.6
18:11:29,11:29.3,44.47899833,-73.19991833,27,80.6
18:11:30,11:30.3,44.479,-73.19991833,27,80.6
18:11:31,11:31.3,44.479,-73.19991833,27,80.6
18:11:32,11:32.3,44.47900167,-73.19991833,27,80.6
18:11:33,11:33.3,44.47900167,-73.19991833,27,80.6
18:11:34,11:34.3,44.47900333,-73.19991667,27,80.6
18:11:35,11:35.3,44.479005,-73.19991667,27,80.6
18:11:36,11:36.3,44.479005,-73.199915,27,80.6
18:11:37,11:37.3,44.479005,-73.19991333,27,80.6
18:11:38,11:38.3,44.47900333,-73.19991167,27,80.6
18:11:39,11:39.3,44.47900333,-73.19990833,27,80.6
18:11:40,11:40.3,44.47900167,-73.199905,27,80.6
18:11:41,11:41.3,44.479,-73.19990333,27,80.6
18:11:42,11:42.3,44.479,-73.1999,27,80.6
18:11:43,11:43.3,44.47899833,-73.19989833,27,80.6
