14:23:58,14:23:58.025442,22.75,72.95,20.734765625,69.322578125,100,1021.4330580903569,-115.08573959441858
14:24:56,14:24:56.105518,27.0,80.6,20.708984375,69.276171875,100,1021.4292834437844,-115.26034379786708
14:25:56,14:25:56.105224,22.5,72.5,20.878515625,69.581328125,100,1021.4167368526225,-114.91911746925662
14:26:56,14:26:56.152458,20.5,68.9,21.09921875,69.97859375,100,1021.4568533558001,-115.1789307050807
14:27:56,14:27:56.109733,19.25,66.65,21.1865234375,70.1357421875,100,1021.4375972583833,-115.26745192743573
14:28:56,14:28:56.104588,20.0,68.0,21.20703125,70.17265625,100,1021.3788165731607,-114.82834344041962
14:29:56,14:29:56.093561,20.25,68.45,21.20703125,70.17265625,100,1021.3887680331998,-114.58741662734542
14:30:56,14:30:56.152469,20.0,68.0,21.2224609375,70.20042968749999,100,1021.3958770251389,-114.67372397678535
14:31:56,14:31:56.093561,21.0,69.80000000000001,21.2583984375,70.2651171875,100,1021.3826319176895,-114.91111734734156
14:32:56,14:32:56.152469,20.5,68.9,21.273828125,70.29289062500001,100,1021.3246205235675,-114.43065629092153
14:33:56,14:33:56.093559,20.25,68.45,21.2994140625,70.3389453125,100,1021.356157052921,-114.45179041628722
14:34:56,14:34:56.152469,21.0,69.80000000000001,21.319921875,70.375859375,100,1021.3213408930242,-114.33845624183664
14:35:56,14:35:56.152414,20.25,68.45,21.345703125,70.422265625,100,1021.2969370655978,-114.0949684100849
14:36:56,14:36:56.152403,19.75,67.55000000000001,21.3611328125,70.4500390625,100,1021.2994876446825,-114.15371102256971
14:37:56,14:37:56.117275,20.5,68.9,21.3765625,70.4778125,100,1021.3322496593975,-114.22986250294295
14:38:56,14:38:56.152430,19.75,67.55000000000001,21.4021484375,70.5238671875,100,1021.2862537732918,-114.13376248298333
14:39:56,14:39:56.152398,20.25,68.45,21.42265625,70.56078124999999,100,1021.3203355823873,-114.17872730736389
14:40:56,14:40:56.093628,20.0,68.0,21.4431640625,70.59769531250001,100,1021.380845626492,-114.59739413717799
14:41:56,14:41:56.099479,20.0,68.0,21.4431640625,70.59769531250001,100,1021.2705614539082,-113.72528157243865
14:42:56,14:42:56.111078,20.5,68.9,21.4380859375,70.5885546875,100,1021.2518754420946,-113.80777831211546
14:43:56,14:43:56.152442,21.75,71.15,21.4689453125,70.6441015625,100,1021.2594061978474,-113.86282239297903
14:44:56,14:44:56.093551,21.25,70.25,21.5048828125,70.7087890625,100,1021.2672753532944,-113.93889592547436
14:45:56,14:45:56.152462,21.0,69.80000000000001,21.525390625,70.745703125,100,1021.2146210814192,-113.58156795975555
14:46:56,14:46:56.151973,21.5,70.7,21.56640625,70.81953125000001,100,1021.2790045720488,-113.83623546923364
14:47:56,14:47:56.152366,20.25,68.45,21.597265625,70.875078125,100,1021.2631850984238,-113.9699787494677
14:48:56,14:48:56.152348,20.25,68.45,21.6177734375,70.9119921875,100,1021.2296545336603,-113.6711903287316
14:49:56,14:49:56.152401,21.0,69.80000000000001,21.63828125,70.94890625,100,1021.2113942701067,-113.51629900166411
14:50:56,14:50:56.152370,20.5,68.9,21.669140625,71.004453125,100,1021.3076462568854,-114.07696431593551
14:51:56,14:51:56.152388,20.0,68.0,21.67421875,71.01359375000001,100,1021.3031008808792,-113.8359540191861
14:52:56,14:52:56.152390,20.0,68.0,21.6896484375,71.0413671875,100,1021.3118389750551,-114.36548981529207
14:53:56,14:53:56.093626,20.25,68.45,21.6794921875,71.0230859375,100,1021.2798639208168,-113.83309493353102
14:54:56,14:54:56.096945,21.75,71.15,21.6896484375,71.0413671875,100,1021.2819550722334,-114.00446194005627
14:55:56,14:55:56.093562,20.5,68.9,21.6896484375,71.0413671875,100,1021.2296236730809,-113.7780236038993
14:56:56,14:56:56.152456,20.5,68.9,21.71015625,71.07828125,100,1021.25827894176,-113.5645719286887
14:57:56,14:57:56.107627,21.25,70.25,21.6947265625,71.0505078125,100,1021.2566102612062,-113.7916767575919
14:58:56,14:58:56.152437,20.5,68.9,21.7154296875,71.0877734375,100,1021.2416715037683,-113.46824756702827
14:59:56,14:59:56.104858,20.75,69.35,21.7205078125,71.09691406249999,100,1021.2682197181401,-113.62298560830385
15:00:56,15:00:56.111244,21.5,70.7,21.74609375,71.14296875,100,1021.2707441033065,-113.68148175017133
15:01:56,15:01:56.152421,21.75,71.15,21.7873046875,71.2171484375,100,1021.3072398590766,-114.32087672997146
15:02:56,15:02:56.107039,21.75,71.15,21.812890625,71.263203125,100,1021.3341959688768,-114.34157700468036
15:03:56,15:03:56.103506,21.5,70.7,21.85390625,71.33703125,100,1021.328846125432,-114.15237448427885
15:04:56,15:04:56.093552,22.75,72.95,21.8796875,71.3834375,100,1021.3005829438933,-114.16217529358089
15:05:56,15:05:56.152349,22.0,71.6,21.9361328125,71.4850390625,100,1021.3308398091011,-114.10000295271448
15:06:56,15:06:56.093607,21.75,71.15,21.9771484375,71.5588671875,100,1021.2888449208258,-114.144392996872
15:07:56,15:07:56.093714,21.5,70.7,22.03359375,71.66046875,100,1021.3038056414978,-114.20224056923897
15:08:56,15:08:56.093553,21.75,71.15,22.0849609375,71.7529296875,100,1021.3298257071993,-114.22893347698113
15:09:56,15:09:56.111438,21.25,70.25,22.1208984375,71.81761718749999,100,1021.2928843267412,-114.0464399091218
15:10:56,15:10:56.100213,21.0,69.80000000000001,22.162109375,71.89179687500001,100,1021.3409092175019,-114.33789697411271
15:11:56,15:11:56.104131,22.25,72.05000000000001,22.203125,71.965625,100,1021.2906617879313,-114.17212617224938
15:12:56,15:12:56.111779,23.25,73.85,22.2646484375,72.07636718750001,100,1021.3025915659914,-114.31567260250732
15:13:56,15:13:56.152381,23.0,73.4,22.3109375,72.1596875,100,1021.3419031889756,-114.41120569188116
15:14:56,15:14:56.152351,21.0,69.80000000000001,22.3314453125,72.1966015625,100,1021.3488341940881,-114.43077744767807
15:15:56,15:15:56.095057,21.0,69.80000000000001,22.3982421875,72.3168359375,100,1021.3466863066653,-114.24076690849344
15:16:56,15:16:56.111925,20.25,68.45,22.41875,72.35374999999999,100,1021.3544654612175,-114.63218732833069
15:17:56,15:17:56.093547,21.25,70.25,22.449609375,72.409296875,100,1021.3498503307098,-114.5038851712255
15:18:56,15:18:56.102131,21.5,70.7,22.4751953125,72.4553515625,100,1021.3551477832543,-114.72661005578564
15:19:56,15:19:56.111363,22.25,72.05000000000001,22.521484375,72.538671875,100,1021.3321267691125,-114.34422948914067
15:20:56,15:20:56.108301,21.75,71.15,22.5728515625,72.6311328125,100,1021.3561149735949,-114.60085785695514
15:21:56,15:21:56.152399,21.75,71.15,22.6189453125,72.71410156249999,100,1021.3713023052445,-114.79134964369707
15:22:56,15:22:56.152379,22.0,71.6,22.6806640625,72.8251953125,100,1021.4221607715212,-114.94112239923302
15:23:56,15:23:56.152376,21.5,70.7,22.747265625,72.94507812500001,100,1021.4111451293049,-114.79128111851404
15:24:56,15:24:56.093696,21.75,71.15,22.7884765625,73.0192578125,100,1021.4226347570486,-115.18519938066096
15:25:56,15:25:56.152432,23.25,73.85,22.8244140625,73.08394531249999,100,1021.4315507442979,-114.95324796355992
15:26:56,15:26:56.152393,23.5,74.30000000000001,22.880859375,73.185546875,100,1021.4068627839882,-115.41249146719314
15:27:56,15:27:56.152393,22.75,72.95,22.9322265625,73.2780078125,100,1021.4070272465666,-114.88085288969677
15:28:56,15:28:56.104401,22.75,72.95,22.9578125,73.3240625,100,1021.4122579411721,-114.92753492791778
15:29:56,15:29:56.154525,22.5,72.5,23.0091796875,73.4165234375,100,1021.3554403690478,-114.11676059068205
15:30:56,15:30:56.152653,22.0,71.6,23.0451171875,73.48121093750001,100,1021.2833953285891,-114.21079392684369
15:31:56,15:31:56.152491,21.5,70.7,23.09140625,73.56453125,100,1021.3018124661733,-114.18077669622966
15:32:56,15:32:56.153290,21.25,70.25,23.1220703125,73.6197265625,100,1021.2667796617613,-113.92831792755034
15:33:56,15:33:56.152215,22.25,72.05000000000001,23.1529296875,73.6752734375,100,1021.2731290357522,-114.01263061786278
15:34:56,15:34:56.152442,21.0,69.80000000000001,23.1837890625,73.7308203125,100,1021.226743865227,-113.68016551762273
15:35:56,15:35:56.152379,22.75,72.95,23.2248046875,73.80464843749999,100,1021.2851692424316,-113.69212956420911
15:36:56,15:36:56.095306,21.25,70.25,23.2658203125,73.8784765625,100,1021.2558136702143,-113.75211483401608
15:37:56,15:37:56.152497,21.5,70.7,23.3017578125,73.9431640625,100,1021.2465290343531,-113.73644304477271
15:38:56,15:38:56.108591,21.25,70.25,23.3275390625,73.9895703125,100,1021.2342483179506,-113.56913136969135
15:39:56,15:39:56.099102,20.75,69.35,23.3583984375,74.04511718750001,100,1021.2360847874937,-113.65320093199236
15:40:56,15:40:56.152428,21.75,71.15,23.3736328125,74.0725390625,100,1021.2430275420472,-113.63230735315067
15:41:56,15:41:56.152397,22.75,72.95,23.4095703125,74.1372265625,100,1021.2373932746295,-113.58561220420016
15:42:56,15:42:56.152455,22.5,72.5,23.4353515625,74.18363281250001,100,1021.2263046141442,-113.4590123177101
15:43:56,15:43:56.152408,22.25,72.05000000000001,23.4763671875,74.2574609375,100,1021.1881745756086,-112.9743918127572
15:44:56,15:44:56.152514,21.75,71.15,23.52265625,74.34078124999999,100,1021.1482400821184,-112.82717897949998
15:45:56,15:45:56.152549,23.25,73.85,23.5740234375,74.4332421875,100,1021.1698838757688,-113.04004317374857
15:46:56,15:46:56.152543,24.25,75.65,23.625390625,74.525703125,100,1021.1502951107148,-113.01891211073215
15:47:56,15:47:56.098964,23.25,73.85,23.70234375,74.66421875,100,1021.1473398856843,-113.11402585042768
15:48:56,15:48:56.103087,23.5,74.30000000000001,23.7587890625,74.76582031250001,100,1021.1693486206991,-112.94816913586362
15:49:56,15:49:56.152432,23.25,73.85,23.7998046875,74.8396484375,100,1021.172635017912,-113.10595458951697
15:50:56,15:50:56.152389,23.5,74.30000000000001,23.8666015625,74.95988281250001,100,1021.1915340278471,-112.96420961094385
15:51:56,15:51:56.152399,21.0,69.80000000000001,23.9076171875,75.0337109375,100,1021.1495867117758,-113.11855452200196
15:52:56,15:52:56.152415,22.25,72.05000000000001,23.9435546875,75.09839843750001,100,1021.1675963503045,-112.9102965792358
15:53:56,15:53:56.109910,22.5,72.5,23.958984375,75.12617187500001,100,1021.162282834114,-113.15186676409887
15:54:56,15:54:56.096629,22.5,72.5,24.0001953125,75.2003515625,100,1021.1549635691746,-112.92975906340452
15:55:56,15:55:56.106258,22.0,71.6,24.0462890625,75.2833203125,100,1021.1525836767516,-113.00523364532208
15:56:56,15:56:56.152464,22.0,71.6,24.066796875,75.32023437500001,100,1021.1558098468523,-113.19148438237504
15:57:56,15:57:56.152419,22.5,72.5,24.1181640625,75.4126953125,100,1021.1395879297622,-113.0400759026013
15:58:56,15:58:56.152413,21.5,70.7,24.1439453125,75.4591015625,100,1021.1313019294539,-112.78560532568001
15:59:56,15:59:56.152411,21.25,70.25,24.16953125,75.50515625,100,1021.1776132668823,-112.89034699232897
16:00:56,16:00:56.152485,22.75,72.95,24.1900390625,75.5420703125,100,1021.1359547256412,-112.6478778850473
16:01:56,16:01:56.152480,21.0,69.80000000000001,24.210546875,75.578984375,100,1021.1532148039616,-112.74025146466782
16:02:56,16:02:56.152407,20.5,68.9,24.1953125,75.5515625,100,1021.1471095966746,-112.92564425522272
16:03:56,16:03:56.152483,21.25,70.25,24.174609375,75.514296875,100,1021.1409537483316,-113.05132328674038
16:04:56,16:04:56.152425,22.0,71.6,24.16953125,75.50515625,100,1021.1561238346843,-112.90414871551489
16:05:56,16:05:56.152423,21.0,69.80000000000001,24.16953125,75.50515625,100,1021.1670663331549,-113.36556615529321
16:06:56,16:06:56.152409,22.0,71.6,24.159375,75.486875,100,1021.1642405291941,-113.15082419326423
16:07:56,16:07:56.152416,21.5,70.7,24.1490234375,75.4682421875,100,1021.1896210616416,-113.27503205814206
16:08:56,16:08:56.152410,21.25,70.25,24.13359375,75.44046875000001,100,1021.1631316968811,-112.99405160281701
16:09:56,16:09:56.152411,20.5,68.9,24.1181640625,75.4126953125,100,1021.1599691409235,-112.81606854549331
16:10:56,16:10:56.152449,21.5,70.7,24.0875,75.3575,100,1021.1595300339948,-113.13167920557034
16:11:56,16:11:56.152443,22.0,71.6,24.0720703125,75.3297265625,100,1021.1400919736521,-113.14687746292721
16:12:56,16:12:56.152420,22.5,72.5,24.0720703125,75.3297265625,100,1021.1474795524986,-112.95047751488156
16:13:56,16:13:56.152426,21.5,70.7,24.0771484375,75.3388671875,100,1021.2200621920821,-113.33685460832875
16:14:56,16:14:56.152142,22.25,72.05000000000001,24.06171875,75.31109375,100,1021.2281671127821,-113.56222826333827
16:15:56,16:15:56.103660,21.0,69.80000000000001,24.056640625,75.30195312500001,100,1021.2331650964214,-113.4532147137484
16:16:56,16:16:56.112515,22.0,71.6,24.0103515625,75.2186328125,100,1021.1960593375333,-113.53092549204914
16:17:56,16:17:56.152250,21.5,70.7,23.98984375,75.18171875,100,1021.2645196389353,-113.6472198051031
16:18:56,16:18:56.152374,21.0,69.80000000000001,23.9693359375,75.1448046875,100,1021.245571757124,-113.52247952019692
16:19:56,16:19:56.152392,20.75,69.35,23.9283203125,75.0709765625,100,1021.2210539365337,-113.69666671997479
16:20:56,16:20:56.127520,21.75,71.15,23.8923828125,75.0062890625,100,1021.2583968756811,-113.70980634186654
16:21:56,16:21:56.152386,21.25,70.25,23.8615234375,74.9507421875,100,1021.2323864338177,-113.50544384311948
16:22:56,16:22:56.152401,22.5,72.5,23.8357421875,74.90433593750001,100,1021.2115780444553,-113.53555685285241
16:23:56,16:23:56.152402,23.25,73.85,23.815234375,74.86742187499999,100,1021.2457631350022,-113.6025147480475
16:24:56,16:24:56.152386,22.25,72.05000000000001,23.8205078125,74.87691406249999,100,1021.2145149738416,-113.36477419548602
16:25:56,16:25:56.152381,22.5,72.5,23.81015625,74.85828125,100,1021.247969633288,-113.89216427841991
16:26:56,16:26:56.152364,22.25,72.05000000000001,23.7998046875,74.8396484375,100,1021.2455150753049,-113.96839635084022
16:27:56,16:27:56.152365,21.75,71.15,23.7947265625,74.8305078125,100,1021.2571723349682,-113.93477096465274
16:28:56,16:28:56.152363,21.25,70.25,23.779296875,74.802734375,100,1021.2502610587931,-113.55707515790112
16:29:56,16:29:56.152359,22.25,72.05000000000001,23.769140625,74.784453125,100,1021.2174954785194,-113.37899533876877
16:30:56,16:30:56.152362,21.25,70.25,23.7486328125,74.7475390625,100,1021.248882455594,-113.65930885995714
16:31:56,16:31:56.152353,23.0,73.4,23.7537109375,74.7566796875,100,1021.2409522038646,-113.46622616303746
16:32:56,16:32:56.152361,23.25,73.85,23.7537109375,74.7566796875,100,1021.262995581973,-113.85238809875068
16:33:56,16:33:56.152359,22.75,72.95,23.7638671875,74.7749609375,100,1021.2341478874348,-113.53397397696573
16:34:56,16:34:56.152362,21.5,70.7,23.779296875,74.802734375,100,1021.2474698194881,-113.46501379181119
16:35:56,16:35:56.152361,21.5,70.7,23.769140625,74.784453125,100,1021.2728439690624,-114.02599935221654
16:36:56,16:36:56.152364,21.75,71.15,23.769140625,74.784453125,100,1021.2761744814575,-114.0397909315133
16:37:56,16:37:56.152367,21.5,70.7,23.77421875,74.79359375,100,1021.2402694458926,-113.7258457672541
16:38:56,16:38:56.110807,22.0,71.6,23.7845703125,74.8122265625,100,1021.2519263278491,-113.96357519053959
16:39:56,16:39:56.152418,22.5,72.5,23.7947265625,74.8305078125,100,1021.2757399198944,-113.92701927681509
16:40:56,16:40:56.152371,22.25,72.05000000000001,23.8306640625,74.8951953125,100,1021.2339576087444,-113.60126945177309
16:41:56,16:41:56.152376,22.0,71.6,23.84609375,74.92296875,100,1021.2623656319109,-113.77204500433014
16:42:56,16:42:56.152375,21.25,70.25,23.876953125,74.978515625,100,1021.2442868104027,-113.64338555203155
16:43:56,16:43:56.152376,23.25,73.85,23.887109375,74.996796875,100,1021.2817151678439,-113.92449435131036
16:44:56,16:44:56.152384,22.75,72.95,23.91796875,75.05234375,100,1021.2382566136979,-113.67037516401409
16:45:56,16:45:56.152391,23.75,74.75,23.9384765625,75.0892578125,100,1021.2758667408551,-114.0816350781843
16:46:56,16:46:56.139220,21.75,71.15,23.9642578125,75.13566406250001,100,1021.3338582021836,-114.23531664156799
16:47:56,16:47:56.152325,23.75,74.75,23.984765625,75.172578125,100,1021.3300355758843,-114.24178745621651
16:48:56,16:48:56.153032,23.25,73.85,23.994921875,75.190859375,100,1021.3256077233931,-114.38767028496633
16:49:56,16:49:56.152797,21.25,70.25,24.0103515625,75.2186328125,100,1021.298459529237,-113.99402937743055
16:50:56,16:50:56.152658,21.25,70.25,24.0052734375,75.2094921875,100,1021.3730347702073,-114.36330854798254
16:51:56,16:51:56.152569,21.5,70.7,24.0052734375,75.2094921875,100,1021.2906243080189,-114.15636234201399
16:52:56,16:52:56.152510,21.5,70.7,24.0103515625,75.2186328125,100,1021.2810195936439,-114.01839599769359
16:53:56,16:53:56.152474,21.75,71.15,24.0001953125,75.2003515625,100,1021.3011683115567,-113.81878641408453
16:54:56,16:54:56.152451,22.5,72.5,24.0001953125,75.2003515625,100,1021.2711830314952,-114.05655784201714
16:55:56,16:55:56.152439,21.25,70.25,23.98984375,75.18171875,100,1021.2541339002673,-113.76359924189279
16:56:56,16:56:56.152428,21.25,70.25,23.984765625,75.172578125,100,1021.2791214219823,-113.80632200728753
16:57:56,16:57:56.110616,21.5,70.7,23.9693359375,75.1448046875,100,1021.2646775565528,-113.52848910375735
16:58:56,16:58:56.152459,22.0,71.6,23.9384765625,75.0892578125,100,1021.2462758006054,-113.6276891781808
16:59:56,16:59:56.152418,20.75,69.35,23.923046875,75.06148437499999,100,1021.250643664366,-113.81156734442943
17:00:56,17:00:56.152403,21.0,69.80000000000001,23.88203125,74.98765625,100,1021.2417409609125,-113.70053769989725
17:01:56,17:01:56.152235,21.5,70.7,23.876953125,74.978515625,100,1021.1948650986421,-113.44574403675304
17:02:56,17:02:56.152394,20.75,69.35,23.84609375,74.92296875,100,1021.2279336449858,-113.59272549943086
17:03:56,17:03:56.125405,22.0,71.6,23.8357421875,74.90433593750001,100,1021.2114289383921,-113.44503211540926
17:04:56,17:04:56.152412,20.75,69.35,23.8255859375,74.8860546875,100,1021.1989838820571,-113.3286516047519
17:05:56,17:05:56.152391,22.0,71.6,23.851171875,74.932109375,100,1021.1813001455722,-113.22955513008644
17:06:56,17:06:56.152395,23.0,73.4,23.88203125,74.98765625,100,1021.1876576527403,-113.21772097695656
17:07:56,17:07:56.152384,23.5,74.30000000000001,24.0001953125,75.2003515625,100,1021.2234933581234,-113.2319541181416
17:08:56,17:08:56.152388,22.0,71.6,23.9693359375,75.1448046875,100,1021.1847188719009,-113.17623424036921
17:09:56,17:09:56.094955,22.25,72.05000000000001,23.9435546875,75.09839843750001,100,1021.1700440344243,-113.06073406081437
17:10:56,17:10:56.098567,21.0,69.80000000000001,23.9435546875,75.09839843750001,100,1021.1607758195667,-112.78802649727182
17:11:56,17:11:56.100586,22.0,71.6,23.9333984375,75.08011718750001,100,1021.1131772364217,-112.49316498603787
17:12:56,17:12:56.152395,22.0,71.6,23.9283203125,75.0709765625,100,1021.089467179669,-112.72770963572023
17:13:56,17:13:56.152349,21.5,70.7,23.91796875,75.05234375,100,1021.1040671024658,-112.42873899556697
17:14:56,17:14:56.152355,21.5,70.7,23.912890625,75.04320312499999,100,1021.1024014627599,-112.83808182280075
17:15:56,17:15:56.152367,20.75,69.35,23.912890625,75.04320312499999,100,1021.101675066423,-112.40114545636429
17:16:56,17:16:56.106397,22.5,72.5,23.9283203125,75.0709765625,100,1021.0661480520814,-112.3616512472136
17:17:56,17:17:56.152421,22.75,72.95,23.95390625,75.11703125,100,1021.0978680405041,-112.0673321587353
17:18:56,17:18:56.152370,21.75,71.15,23.9435546875,75.09839843750001,100,1021.088033409121,-112.32348576354991
17:19:56,17:19:56.152395,21.25,70.25,23.91796875,75.05234375,100,1021.051706322538,-112.23881207767586
17:20:56,17:20:56.152375,22.5,72.5,23.8923828125,75.0062890625,100,1021.0851756962994,-111.86571910229512
17:21:56,17:21:56.152377,21.75,71.15,23.876953125,74.978515625,100,1021.0660717871382,-112.31453075112981
17:22:56,17:22:56.152375,22.0,71.6,23.8615234375,74.9507421875,100,1021.007543154182,-111.9636122075225
17:23:56,17:23:56.152373,20.5,68.9,23.8564453125,74.94160156250001,100,1021.0258636710814,-111.75797764528373
17:24:56,17:24:56.152377,22.25,72.05000000000001,23.8306640625,74.8951953125,100,1021.0178461519396,-111.8034471809303
17:25:56,17:25:56.152381,21.75,71.15,23.8255859375,74.8860546875,100,1020.9862031707592,-111.60428675380852
17:26:56,17:26:56.152379,21.25,70.25,23.815234375,74.86742187499999,100,1020.9834186755448,-111.67456173221382
17:27:56,17:27:56.152376,22.0,71.6,23.805078125,74.849140625,100,1020.9831799608082,-111.34753479903081
17:28:56,17:28:56.152373,22.5,72.5,23.7896484375,74.8213671875,100,1020.9507540511435,-111.40724757379354
17:29:56,17:29:56.152390,22.25,72.05000000000001,23.7845703125,74.8122265625,100,1020.9773990274372,-111.54520053084852
17:30:56,17:30:56.152394,21.25,70.25,23.779296875,74.802734375,100,1020.9916587440871,-111.46370693981129
17:31:56,17:31:56.152382,21.5,70.7,23.77421875,74.79359375,100,1020.965501055344,-111.30546614729079
17:32:56,17:32:56.152395,21.0,69.80000000000001,23.7587890625,74.76582031250001,100,1020.9460621768335,-111.09251478599803
17:33:56,17:33:56.093548,21.25,70.25,23.7587890625,74.76582031250001,100,1020.9682535461791,-111.29745244325359
17:34:56,17:34:56.152446,20.25,68.45,23.733203125,74.71976562500001,100,1020.9337697869831,-111.34937635232046
17:35:56,17:35:56.093543,21.25,70.25,23.7177734375,74.6919921875,100,1020.9340670315498,-111.10358121370574
17:36:56,17:36:56.093546,20.75,69.35,23.6869140625,74.6364453125,100,1020.903849242256,-111.17378804864872
17:37:56,17:37:56.152459,20.5,68.9,23.6765625,74.6178125,100,1020.9343602196735,-111.23623100053422
17:38:56,17:38:56.152392,20.75,69.35,23.6509765625,74.5717578125,100,1020.8945462791951,-110.80782634415964
17:39:56,17:39:56.152400,21.0,69.80000000000001,23.6458984375,74.5626171875,100,1020.9207906669045,-110.77419633748765
17:40:56,17:40:56.152414,20.75,69.35,23.635546875,74.54398437500001,100,1020.8672628384759,-110.66385298211549
17:41:56,17:41:56.152407,21.25,70.25,23.635546875,74.54398437500001,100,1020.8843068238479,-110.43663333859138
17:42:56,17:42:56.152400,22.0,71.6,23.707421875,74.673359375,100,1020.9196229585332,-110.7048004585006
17:43:56,17:43:56.152393,21.0,69.80000000000001,23.70234375,74.66421875,100,1020.9028242369317,-110.47029901169248
17:44:56,17:44:56.152392,20.75,69.35,23.6765625,74.6178125,100,1020.9297598107539,-110.59243156360974
17:45:56,17:45:56.152393,21.5,70.7,23.671484375,74.608671875,100,1020.8812266167545,-110.72710697152783
17:46:56,17:46:56.152390,21.0,69.80000000000001,23.671484375,74.608671875,100,1020.8778967018276,-110.4248800750893
17:47:56,17:47:56.100304,21.75,71.15,23.671484375,74.608671875,100,1020.8756909888258,-110.48208098830175
17:48:56,17:48:56.152450,21.5,70.7,23.7537109375,74.7566796875,100,1020.8750022745099,-110.69244897359793
17:49:56,17:49:56.106306,21.25,70.25,23.7486328125,74.7475390625,100,1020.8873866491741,-110.74763134770363
17:50:56,17:50:56.152449,21.25,70.25,23.743359375,74.73804687500001,100,1020.9075203319788,-110.914451400239
17:51:56,17:51:56.152393,21.5,70.7,23.7537109375,74.7566796875,100,1020.9324979509553,-110.75295814639496
17:52:56,17:52:56.152394,22.25,72.05000000000001,23.7486328125,74.7475390625,100,1020.9229000445874,-111.25155543275955
17:53:56,17:53:56.111626,21.25,70.25,23.7845703125,74.8122265625,100,1020.953844255678,-111.21539449785188
17:54:56,17:54:56.152430,21.5,70.7,23.815234375,74.86742187499999,100,1020.9826345291528,-111.35401800230895
17:55:56,17:55:56.152383,24.5,76.1,24.210546875,75.578984375,100,1020.967140828238,-111.58991869484397
17:56:56,17:56:56.152400,22.25,72.05000000000001,24.38515625,75.89328125,100,1021.0143983989785,-111.59335024014938
17:57:56,17:57:56.152391,22.5,72.5,24.523828125,76.142890625,100,1021.0212155942817,-111.65076083311766
17:58:56,17:58:56.152392,24.0,75.2,24.693359375,76.448046875,100,1020.9675129527571,-111.21355138054071
17:59:56,17:59:56.152387,24.5,76.1,24.7498046875,76.5496484375,100,1021.0003893495398,-111.30310292137054
18:00:56,18:00:56.152394,21.25,70.25,24.7703125,76.5865625,100,1020.9588493813079,-111.00039732572981
18:01:56,18:01:56.152398,22.75,72.95,24.873046875,76.771484375,100,1020.9071499332015,-110.79305845322915
18:02:56,18:02:56.152394,21.75,71.15,24.9654296875,76.9377734375,100,1020.8885351869632,-110.58839275595915
18:03:56,18:03:56.152399,22.25,72.05000000000001,25.0013671875,77.0024609375,100,1020.840650615607,-110.67930196511449
18:04:56,18:04:56.152406,21.25,70.25,24.9037109375,76.8266796875,100,1020.9543726211306,-111.41422096009343
18:05:56,18:05:56.102107,22.5,72.5,24.8216796875,76.6790234375,100,1020.9539311889831,-110.92302217235158
18:06:56,18:06:56.152443,22.5,72.5,24.7857421875,76.6143359375,100,1020.988654403527,-111.33018244074466
18:07:56,18:07:56.108018,22.5,72.5,24.7599609375,76.5679296875,100,1021.0065105376369,-111.58377607130826
18:08:56,18:08:56.152436,21.0,69.80000000000001,24.7548828125,76.55878906250001,100,1020.9796677662036,-111.76031032242162
18:09:56,18:09:56.109166,21.25,70.25,24.74453125,76.54015625,100,1021.0387494373613,-111.80047657735135
18:10:56,18:10:56.104391,22.75,72.95,24.7599609375,76.5679296875,100,1021.0315285849279,-111.72374435071971
18:11:56,18:11:56.102238,22.75,72.95,24.7908203125,76.6234765625,100,1021.0213056524066,-111.64211800972835
18:12:56,18:12:56.152380,21.5,70.7,24.775390625,76.595703125,100,1020.9898318480133,-111.29544185585848
18:13:56,18:13:56.152331,22.0,71.6,24.739453125,76.53101562500001,100,1020.993932399317,-111.58430162296183
18:14:56,18:14:56.152343,22.5,72.5,24.734375,76.521875,100,1020.9789223064669,-111.48450930559532
18:15:56,18:15:56.152388,22.5,72.5,24.9244140625,76.8639453125,100,1021.0160160067098,-111.70370353924848
18:16:56,18:16:56.152390,22.0,71.6,25.0373046875,77.06714843750001,100,1020.949001274619,-110.90153053632403
18:17:56,18:17:56.152356,22.0,71.6,25.2939453125,77.5291015625,100,1020.922136274679,-110.64881281508389
18:18:56,18:18:56.152350,21.5,70.7,25.2580078125,77.4644140625,100,1020.9141805460018,-110.93169293395893
18:19:56,18:19:56.098818,21.0,69.80000000000001,25.062890625,77.11320312500001,100,1020.9292068926638,-111.06147901343708
18:20:56,18:20:56.113502,21.75,71.15,25.0578125,77.1040625,100,1020.8816564583781,-110.64771804089595
18:21:56,18:21:56.152425,21.5,70.7,25.1091796875,77.19652343749999,100,1020.8990572798689,-110.84232242126845
18:22:56,18:22:56.152387,21.0,69.80000000000001,25.0681640625,77.1226953125,100,1020.87914709933,-110.7711797692189
18:23:56,18:23:56.152363,22.0,71.6,24.991015625,76.983828125,100,1020.9446625177355,-110.87173438199557
18:24:56,18:24:56.152366,21.5,70.7,24.8318359375,76.69730468750001,100,1020.9509657527299,-111.23592432553734
18:25:56,18:25:56.152390,21.75,71.15,24.9037109375,76.8266796875,100,1020.9276815859604,-111.14088160506495
18:26:56,18:26:56.152393,21.5,70.7,24.9140625,76.8453125,100,1020.9114768927833,-111.06988349902642
18:27:56,18:27:56.152394,21.75,71.15,25.15546875,77.27984375,100,1020.9167175779014,-111.01897769936508
18:28:56,18:28:56.093541,20.5,68.9,25.2015625,77.3628125,100,1020.932672882451,-110.68304663048312
18:29:56,18:29:56.104603,21.75,71.15,25.0783203125,77.1409765625,100,1020.9599739648057,-111.28066806889774
18:30:56,18:30:56.152444,21.75,71.15,25.026953125,77.048515625,100,1020.9883133293821,-111.35464152665669
18:31:56,18:31:56.152395,22.75,72.95,25.2939453125,77.5291015625,100,1020.9716012309175,-111.24853125639675
18:32:56,18:32:56.152393,22.25,72.05000000000001,25.5353515625,77.96363281250001,100,1020.9479840452253,-111.38518697430563
18:33:56,18:33:56.152398,22.5,72.5,25.6841796875,78.2315234375,100,1020.9786865522681,-111.35693147762831
18:34:56,18:34:56.093623,22.25,72.05000000000001,25.76640625,78.37953125,100,1020.9779230245507,-111.35909734447445
18:35:56,18:35:56.093676,21.5,70.7,25.663671875,78.194609375,100,1020.9214689278265,-111.02133255967541
18:36:56,18:36:56.093551,20.75,69.35,25.4376953125,77.78785156250001,100,1020.9325868799402,-111.00598281091926
18:37:56,18:37:56.105015,22.25,72.05000000000001,25.448046875,77.806484375,100,1020.9260028658563,-110.92889884564109
18:38:56,18:38:56.152447,22.0,71.6,25.653515625,78.176328125,100,1020.9541850084365,-111.12632983208609
18:39:56,18:39:56.152387,23.5,74.30000000000001,25.8279296875,78.49027343750001,100,1020.9394153596281,-111.18076015221729
18:40:56,18:40:56.152366,23.0,73.4,25.9615234375,78.7307421875,100,1020.9430874889632,-111.03685560981663
18:41:56,18:41:56.143543,21.75,71.15,26.0283203125,78.8509765625,100,1020.9707014834999,-111.22108987123023
18:42:56,18:42:56.152375,23.5,74.30000000000001,26.08984375,78.96171875,100,1020.9667988676971,-111.28560258313207
18:43:56,18:43:56.152380,22.25,72.05000000000001,25.94609375,78.70296875,100,1020.9484475066586,-111.241624103351
18:44:56,18:44:56.097447,22.75,72.95,25.869140625,78.564453125,100,1020.9893703835066,-111.48380314028145
18:45:56,18:45:56.152434,22.25,72.05000000000001,26.0025390625,78.8045703125,100,1020.9802985901202,-111.3670050022564
18:46:56,18:46:56.109859,23.0,73.4,26.1720703125,79.1097265625,100,1020.9783065083324,-111.53314444765034
18:47:56,18:47:56.152438,22.75,72.95,26.166796875,79.100234375,100,1020.9532335601443,-111.28673492757888
18:48:56,18:48:56.152381,21.5,70.7,26.058984375,78.90617187500001,100,1020.9824449038928,-111.5288620678221
18:49:56,18:49:56.152396,21.75,71.15,26.01796875,78.83234375,100,1020.9880583842465,-111.4756393929919
18:50:56,18:50:56.152396,22.0,71.6,26.012890625,78.82320312499999,100,1021.0000546030595,-111.55584144511161
18:51:56,18:51:56.100481,21.75,71.15,26.023046875,78.841484375,100,1021.0268413814598,-111.71097950063019
18:52:56,18:52:56.143568,22.25,72.05000000000001,26.1052734375,78.98949218749999,100,1021.0276563040394,-111.70127133378135
18:53:56,18:53:56.152392,23.5,74.30000000000001,26.1771484375,79.1188671875,100,1021.0284878318166,-111.59697171085699
18:54:56,18:54:56.095558,23.5,74.30000000000001,26.2798828125,79.3037890625,100,1021.031613906407,-111.97200188955223
18:55:56,18:55:56.152445,22.75,72.95,26.346484375,79.423671875,100,1021.0022687406854,-111.61800289134511
18:56:56,18:56:56.152387,23.0,73.4,26.3568359375,79.44230468750001,100,1021.0006169639394,-111.81204414356459
18:57:56,18:57:56.104282,24.0,75.2,26.403125,79.52562499999999,100,1021.0193799222205,-111.77897944977184
18:58:56,18:58:56.152442,23.25,73.85,26.4236328125,79.56253906250001,100,1021.0207435334166,-111.61293471638159
18:59:56,18:59:56.152388,24.25,75.65,26.4544921875,79.61808593750001,100,1021.0311268151798,-111.89005280776668
19:00:56,19:00:56.104381,23.75,74.75,26.4697265625,79.6455078125,100,1021.0160861883187,-111.99263587968434
19:01:56,19:01:56.131896,22.5,72.5,26.3517578125,79.4331640625,100,1021.0357293134243,-111.67620874812131
19:02:56,19:02:56.152412,22.75,72.95,26.12578125,79.02640625000001,100,1021.015004942602,-111.9231029423877
19:03:56,19:03:56.097565,21.5,70.7,25.8896484375,78.6013671875,100,1021.0445069361023,-111.82981142684619
19:04:56,19:04:56.094944,21.25,70.25,25.7869140625,78.4164453125,100,1021.1107211584172,-112.41713395245799
19:05:56,19:05:56.152449,22.25,72.05000000000001,25.735546875,78.32398437500001,100,1021.0533723028788,-112.47424400440023
19:06:56,19:06:56.093548,22.25,72.05000000000001,25.689453125,78.241015625,100,1021.0772330773456,-112.39754166919005
19:07:56,19:07:56.093559,22.25,72.05000000000001,25.6841796875,78.2315234375,100,1021.0685279724133,-112.26425110720885
19:08:56,19:08:56.106337,22.0,71.6,25.73046875,78.31484375,100,1021.0924217682607,-112.25750029527619
19:09:56,19:09:56.101623,21.5,70.7,25.7046875,78.2684375,100,1021.0936614548212,-112.14328365122071
19:10:56,19:10:56.152446,22.0,71.6,25.62265625,78.12078125,100,1021.0769869598382,-112.38693149624305
19:11:56,19:11:56.098708,21.0,69.80000000000001,25.55078125,77.99140625000001,100,1021.0843833688103,-112.05505117288992
19:12:56,19:12:56.114825,21.5,70.7,25.555859375,78.000546875,100,1021.0749857916285,-112.56463056561765
19:13:56,19:13:56.152474,21.75,71.15,25.5814453125,78.0466015625,100,1021.1355301568044,-112.52385999657933
19:14:56,19:14:56.143560,21.75,71.15,25.5455078125,77.9819140625,100,1021.0815730161053,-112.4502829517772
19:15:56,19:15:56.098945,22.75,72.95,25.5662109375,78.0191796875,100,1021.1198089366964,-112.92205107724718
19:16:56,19:16:56.152450,22.25,72.05000000000001,25.6328125,78.1390625,100,1021.120765417329,-112.88268968760293
19:17:56,19:17:56.152395,22.25,72.05000000000001,25.6021484375,78.0838671875,100,1021.1222605349354,-112.74295522173443
19:18:56,19:18:56.099140,22.25,72.05000000000001,25.519921875,77.935859375,100,1021.1513497047356,-112.71527453471144
19:19:56,19:19:56.101608,21.25,70.25,25.483984375,77.871171875,100,1021.1602199719217,-112.76408585166811
19:20:56,19:20:56.103618,21.5,70.7,25.5455078125,77.9819140625,100,1021.1314059489644,-112.74149674628566
19:21:56,19:21:56.152446,21.75,71.15,25.62265625,78.12078125,100,1021.1547921771706,-112.82148024360285
19:22:56,19:22:56.116327,22.25,72.05000000000001,25.65859375,78.18546875000001,100,1021.1469477164786,-112.94441407812313
19:23:56,19:23:56.152439,21.25,70.25,25.653515625,78.176328125,100,1021.1312261841201,-113.09087752884079
19:24:56,19:24:56.112866,21.25,70.25,25.6173828125,78.11128906249999,100,1021.1464416272971,-112.82960097401596
19:25:56,19:25:56.152432,21.5,70.7,25.55078125,77.99140625000001,100,1021.1732477140882,-112.92721090823372
19:26:56,19:26:56.096636,21.5,70.7,25.519921875,77.935859375,100,1021.1543315862406,-113.08870660234426
19:27:56,19:27:56.152447,21.75,71.15,25.47890625,77.86203125,100,1021.122075084123,-112.78582157356236
19:28:56,19:28:56.093558,21.75,71.15,25.44296875,77.79734375,100,1021.127241526921,-112.43271791459922
19:29:56,19:29:56.143053,22.0,71.6,25.4017578125,77.7231640625,100,1021.1236941290056,-112.80527314116745
19:30:56,19:30:56.152408,22.25,72.05000000000001,25.3607421875,77.64933593750001,100,1021.1475729315446,-112.73441281948553
19:31:56,19:31:56.095099,21.75,71.15,25.304296875,77.547734375,100,1021.1092053309101,-112.64898513573542
19:32:56,19:32:56.098626,21.25,70.25,25.242578125,77.436640625,100,1021.0894368613134,-112.50793052887393
19:33:56,19:33:56.152471,21.5,70.7,25.170703125,77.307265625,100,1021.048319280806,-112.27502614967617
19:34:56,19:34:56.102711,21.75,71.15,25.1193359375,77.21480468749999,100,1021.0547449946243,-112.07368478665683
19:35:56,19:35:56.152565,21.0,69.80000000000001,25.0732421875,77.1318359375,100,1021.0714098371984,-111.96300182951708
19:36:56,19:36:56.152418,21.5,70.7,25.021875,77.039375,100,1021.115122710433,-112.07529687226172
19:37:56,19:37:56.152492,21.5,70.7,24.9705078125,76.9469140625,100,1021.1123278222109,-112.72255772780149
19:38:56,19:38:56.152507,22.0,71.6,24.919140625,76.85445312499999,100,1021.1607868684303,-112.67597028030565
19:39:56,19:39:56.152482,20.25,68.45,24.801171875,76.642109375,100,1021.1845484293368,-113.15208829560464
19:40:56,19:40:56.152462,20.5,68.9,24.5494140625,76.1889453125,100,1021.1951700763001,-113.18994591920475
19:41:56,19:41:56.096947,20.75,69.35,24.2876953125,75.7178515625,100,1021.1719898274982,-113.07044422793699
19:42:56,19:42:56.101181,20.0,68.0,24.06171875,75.31109375,100,1021.1515314407385,-112.90448380732768
19:43:56,19:43:56.106173,19.5,67.1,23.81015625,74.85828125,100,1021.1421164278144,-113.0093985692148
19:44:56,19:44:56.105643,19.75,67.55000000000001,23.56875,74.42375000000001,100,1021.1054914061964,-112.68153609407075
19:45:56,19:45:56.102034,19.5,67.1,23.348046875,74.026484375,100,1021.1197128087009,-112.62144113214231
19:46:56,19:46:56.093423,19.75,67.55000000000001,23.1169921875,73.61058593749999,100,1021.1548124597916,-112.93628786336332
19:47:56,19:47:56.105294,19.5,67.1,22.91171875,73.24109375,100,1021.1609863250393,-112.83899722832071
19:48:56,19:48:56.152422,19.5,67.1,22.70625,72.87125,100,1021.1581719492318,-112.97160428631541
19:49:56,19:49:56.094069,19.5,67.1,22.5111328125,72.5200390625,100,1021.1559547794674,-112.58928661630335
19:50:56,19:50:56.152454,19.5,67.1,22.341796875,72.215234375,100,1021.0950985527996,-112.56321377177078
19:51:56,19:51:56.102696,19.0,66.2,22.1517578125,71.8731640625,100,1021.1204567470196,-112.73849743841905
19:52:56,19:52:56.104572,18.75,65.75,21.9875,71.5775,100,1021.1357088704347,-112.68653482999524
19:53:56,19:53:56.102671,19.0,66.2,21.812890625,71.263203125,100,1021.1096568473382,-112.48829070758299
19:54:56,19:54:56.096432,19.0,66.2,21.643359375,70.95804687500001,100,1021.1097095613409,-112.72627426642458
19:55:56,19:55:56.098709,18.75,65.75,21.4740234375,70.65324218750001,100,1021.1250114116688,-112.7020045852272
19:56:56,19:56:56.152430,18.75,65.75,21.31484375,70.36671875,100,1021.1044798323701,-112.84458369846388
19:57:56,19:57:56.152380,18.5,65.30000000000001,21.1607421875,70.0893359375,100,1021.1378113075871,-112.21405036340059
19:58:56,19:58:56.152382,18.5,65.30000000000001,21.022265625,69.84007812499999,100,1021.168498576641,-112.98041422556008
19:59:56,19:59:56.112025,18.5,65.30000000000001,20.8681640625,69.56269531250001,100,1021.1941485462594,-113.10691662640917
20:00:56,20:00:56.152429,18.25,64.85,20.744921875,69.34085937500001,100,1021.1360011673382,-112.70787535643285
20:01:56,20:01:56.152395,18.25,64.85,20.601171875,69.082109375,100,1021.1545807988583,-112.9030896525428
20:02:56,20:02:56.094986,18.25,64.85,20.4625,68.8325,100,1021.1513638881265,-112.76077088639776
20:03:56,20:03:56.152468,18.25,64.85,20.349609375,68.629296875,100,1021.1283977790372,-112.75897096542494
20:04:56,20:04:56.152407,18.25,64.85,20.2212890625,68.3983203125,100,1021.1612175874283,-113.17865156526324
20:05:56,20:05:56.152495,18.0,64.4,20.1134765625,68.2042578125,100,1021.1360124756794,-113.13461683328052
20:06:56,20:06:56.143583,18.0,64.4,19.990234375,67.982421875,100,1021.1572025757582,-113.11438698807643
20:07:56,20:07:56.102598,18.0,64.4,19.87734375,67.77921875000001,100,1021.1944123384192,-113.41294339545003
20:08:56,20:08:56.107846,18.0,64.4,19.7849609375,67.6129296875,100,1021.181911461006,-113.29493314268394
20:09:56,20:09:56.112384,18.0,64.4,19.6873046875,67.4371484375,100,1021.1840366069869,-113.06992461723823
20:10:56,20:10:56.110807,18.0,64.4,19.569140625,67.224453125,100,1021.2018278721291,-113.27796400337103
20:11:56,20:11:56.109249,17.75,63.95,19.4716796875,67.04902343750001,100,1021.2106899495114,-113.58667505943693
20:12:56,20:12:56.093547,17.75,63.95,19.384375,66.891875,100,1021.2078645471406,-113.40066937234654
20:13:56,20:13:56.096126,17.75,63.95,19.2919921875,66.7255859375,100,1021.1571046396965,-113.20069196408545
20:14:56,20:14:56.096161,17.75,63.95,19.199609375,66.559296875,100,1021.195213982957,-113.1769035462044
20:15:56,20:15:56.108683,17.75,63.95,19.1072265625,66.3930078125,100,1021.2260315771034,-113.29814747484961
20:16:56,20:16:56.097616,17.5,63.5,19.0095703125,66.2172265625,100,1021.2101885508009,-113.28069156383648
20:17:56,20:17:56.105521,17.5,63.5,18.922265625,66.060078125,100,1021.2607541463041,-114.04591985635341
20:18:56,20:18:56.106517,17.5,63.5,18.8298828125,65.89378906249999,100,1021.2198933824396,-113.61862128568045
20:19:56,20:19:56.111780,17.5,63.5,18.742578125,65.736640625,100,1021.2090864045346,-113.78785843764065
20:20:56,20:20:56.152435,17.25,63.05,18.665625,65.598125,100,1021.2008970612395,-113.39722592673454
20:21:56,20:21:56.093551,17.25,63.05,18.5833984375,65.45011718750001,100,1021.2209218713083,-113.40442416202615
20:22:56,20:22:56.107677,17.25,63.05,18.5013671875,65.3024609375,100,1021.2019214935326,-113.12825189390037
20:23:56,20:23:56.093554,17.0,62.6,18.419140625,65.154453125,100,1021.1434640602283,-112.89988360154192
20:24:56,20:24:56.152444,17.0,62.6,18.3421875,65.0159375,100,1021.190025108755,-113.14467284013537
20:25:56,20:25:56.112774,17.0,62.6,18.2703125,64.8865625,100,1021.1757721514426,-113.04738912096116
20:26:56,20:26:56.098957,17.0,62.6,18.193359375,64.748046875,100,1021.1788512663483,-113.0866670705062
20:27:56,20:27:56.152443,16.75,62.150000000000006,18.121484375,64.618671875,100,1021.1450862927945,-112.70196910871351
20:28:56,20:28:56.152396,16.75,62.150000000000006,18.0546875,64.4984375,100,1021.1758904979513,-112.88000881855346
20:29:56,20:29:56.152387,16.75,62.150000000000006,17.977734375,64.359921875,100,1021.1855056628619,-112.9983619027911
20:30:56,20:30:56.152327,16.5,61.7,17.9109375,64.2396875,100,1021.1824131831559,-112.94124966946934
20:31:56,20:31:56.152357,16.75,62.150000000000006,17.84921875,64.12859375,100,1021.1493273585199,-112.83126223881665
20:32:56,20:32:56.152387,16.5,61.7,17.7876953125,64.0178515625,100,1021.1786790939778,-113.03774482621006
20:33:56,20:33:56.152352,17.0,62.6,17.6388671875,63.749960937500006,100,1021.1347943428423,-112.76073506506563
20:34:56,20:34:56.152386,17.0,62.6,17.628515625,63.731328125,100,1021.1639584014407,-113.10223165424641
20:35:56,20:35:56.152393,17.0,62.6,17.5720703125,63.6297265625,100,1021.1579823686639,-112.7709675337722
20:36:56,20:36:56.152386,16.75,62.150000000000006,17.510546875,63.518984375,100,1021.1154754617445,-112.54191638268098
20:37:56,20:37:56.152301,16.75,62.150000000000006,17.438671875,63.389609375000006,100,1021.1257874163601,-112.5771285988525
20:38:56,20:38:56.109636,16.75,62.150000000000006,17.38203125,63.28765625,100,1021.09729910588,-112.73944676279976
20:39:56,20:39:56.101789,16.5,61.7,17.305078125,63.149140625,100,1021.1522679322095,-112.6263302091269
20:40:56,20:40:56.152416,16.5,61.7,17.23828125,63.028906250000006,100,1021.1226231660822,-112.68336629325503
20:41:56,20:41:56.152386,16.5,61.7,17.1869140625,62.9364453125,100,1021.1279115202473,-112.30846130518327
20:42:56,20:42:56.152372,16.5,61.7,17.125390625,62.825703125000004,100,1021.152901417962,-112.62961343975086
20:43:56,20:43:56.152329,16.5,61.7,17.05859375,62.70546875,100,1021.1182705019887,-112.4608546733381
20:44:56,20:44:56.152383,16.25,61.25,17.0072265625,62.6130078125,100,1021.1165787821969,-112.67691876251867
20:45:56,20:45:56.103326,16.5,61.7,16.940625,62.493125000000006,100,1021.1143891515002,-112.82260162310651
20:46:56,20:46:56.152444,16.25,61.25,16.8841796875,62.3915234375,100,1021.13243336155,-112.60574159567909
20:47:56,20:47:56.152376,16.25,61.25,16.8275390625,62.289570312500004,100,1021.1353972725493,-112.96504281943753
20:48:56,20:48:56.152384,16.25,61.25,16.7763671875,62.1974609375,100,1021.1122285566655,-112.54131503160339
20:49:56,20:49:56.093635,16.25,61.25,16.7197265625,62.0955078125,100,1021.1253553579543,-112.3065539889592
20:50:56,20:50:56.152123,16.25,61.25,16.6685546875,62.003398437499996,100,1021.1252998565282,-112.41248172666891
20:51:56,20:51:56.152422,16.25,61.25,16.6119140625,61.9014453125,100,1021.1479735433428,-112.73038558625164
20:52:56,20:52:56.113166,16.25,61.25,16.5607421875,61.8093359375,100,1021.1069628633006,-112.69713683315366
20:53:56,20:53:56.111978,16.25,61.25,16.5041015625,61.7073828125,100,1021.1199521384676,-112.82120232437376
20:54:56,20:54:56.152481,16.0,60.8,16.4630859375,61.6335546875,100,1021.1467431623778,-113.0067341744373
20:55:56,20:55:56.152425,16.0,60.8,16.41171875,61.54109375,100,1021.1951404941279,-113.14867328251835
20:56:56,20:56:56.152432,16.0,60.8,16.3552734375,61.4394921875,100,1021.1824136346918,-112.75876182508834
20:57:56,20:57:56.152259,15.75,60.35,16.298828125,61.337890625,100,1021.2024664963341,-113.30937956330658
20:58:56,20:58:56.093554,15.75,60.35,16.26796875,61.28234375,100,1021.1825880836888,-113.17205161061867
20:59:56,20:59:56.108022,15.75,60.35,16.19609375,61.15296875,100,1021.1631200470497,-113.10908350071067
21:00:56,21:00:56.093555,15.5,59.900000000000006,16.155078125,61.079140625,100,1021.191487238656,-113.11869682513291
21:01:56,21:01:56.152444,15.75,60.35,16.0935546875,60.9683984375,100,1021.2162108494084,-113.31448431102514
21:02:56,21:02:56.093555,15.75,60.35,16.0421875,60.875937500000006,100,1021.2403651506183,-113.22558264784237
21:03:56,21:03:56.152461,15.5,59.900000000000006,15.9857421875,60.7743359375,100,1021.2378456886631,-113.33939252146345
21:04:56,21:04:56.093554,15.5,59.900000000000006,15.9291015625,60.672382812500004,100,1021.2497033513297,-113.56650695414756
21:05:56,21:05:56.152507,15.5,59.900000000000006,15.8779296875,60.5802734375,100,1021.214795073357,-113.42870907938357
21:06:56,21:06:56.152492,15.5,59.900000000000006,15.8265625,60.487812500000004,100,1021.2252036959567,-113.68282795214903
21:07:56,21:07:56.152562,15.25,59.45,15.7802734375,60.4044921875,100,1021.2449081114179,-113.60993917329475
21:08:56,21:08:56.152415,15.25,59.45,15.7341796875,60.3215234375,100,1021.2773829578271,-113.83065622648749
21:09:56,21:09:56.093861,15.25,59.45,15.6828125,60.2290625,100,1021.2658245817953,-113.7848186298823
21:10:56,21:10:56.107904,15.5,59.900000000000006,15.6263671875,60.127460937500004,100,1021.3070445611444,-113.99175935181913
21:11:56,21:11:56.117097,15.25,59.45,15.5904296875,60.0627734375,100,1021.3385885248765,-114.20588789497138
21:12:56,21:12:56.095626,15.0,59.0,15.5287109375,59.951679687500004,100,1021.3461553107284,-114.70317600010856
21:13:56,21:13:56.152418,15.0,59.0,15.4927734375,59.8869921875,100,1021.3623194617973,-114.70242588607864
21:14:56,21:14:56.152284,15.25,59.45,15.44140625,59.794531250000006,100,1021.3589232037725,-114.50634643454937
21:15:56,21:15:56.095530,15.0,59.0,15.400390625,59.720703125,100,1021.3418012374235,-114.74007148478145
21:16:56,21:16:56.099473,15.0,59.0,15.3541015625,59.6373828125,100,1021.3829879744616,-114.80710420572721
21:17:56,21:17:56.101739,15.0,59.0,15.3130859375,59.5635546875,100,1021.3638656923126,-114.95430439898809
21:18:56,21:18:56.151490,14.75,58.55,15.26171875,59.47109375,100,1021.3929648385897,-114.88845048192952
21:19:56,21:19:56.152337,15.0,59.0,15.220703125,59.397265625,100,1021.4671498498979,-115.2048533752884
21:20:56,21:20:56.151959,15.0,59.0,15.1796875,59.3234375,100,1021.4359214484821,-115.17154720290566
21:21:56,21:21:56.152072,14.75,58.55,15.148828125,59.267890625,100,1021.4551385023758,-115.13273064648808
21:22:56,21:22:56.152154,14.75,58.55,15.1025390625,59.1845703125,100,1021.4483765496692,-115.49242050639619
21:23:56,21:23:56.152195,14.75,58.55,15.0564453125,59.1016015625,100,1021.4427570433284,-115.46709083713958
21:24:56,21:24:56.152374,14.75,58.55,15.0154296875,59.0277734375,100,1021.4988139602806,-115.4477494016782
21:25:56,21:25:56.152254,14.75,58.55,14.97421875,58.953593749999996,100,1021.4727449342017,-115.40270667449191
21:26:56,21:26:56.152263,14.75,58.55,14.93828125,58.88890625,100,1021.4148938612931,-115.16569011864279
21:27:56,21:27:56.093736,15.0,59.0,14.897265625,58.815078125,100,1021.4813571867322,-115.4889531768578
21:28:56,21:28:56.098545,15.0,59.0,14.86640625,58.75953125,100,1021.4694754841794,-115.3498241889918
21:29:56,21:29:56.112368,15.0,59.0,14.8458984375,58.722617187500006,100,1021.4842971010407,-115.4290017281584
21:30:56,21:30:56.152803,15.0,59.0,14.789453125,58.621015625,100,1021.4337241148579,-115.33538962957844
21:31:56,21:31:56.093854,14.75,58.55,14.75859375,58.56546875,100,1021.4682386018181,-115.43968176842368
21:32:56,21:32:56.152478,15.0,59.0,14.7330078125,58.519414062500005,100,1021.473335764282,-115.47316088753963
21:33:56,21:33:56.152405,14.75,58.55,14.6970703125,58.4547265625,100,1021.4522987630239,-115.37461610871733
21:34:56,21:34:56.152407,14.75,58.55,14.6662109375,58.3991796875,100,1021.4660403252033,-115.19929954679672
21:35:56,21:35:56.152514,14.75,58.55,14.6251953125,58.3253515625,100,1021.4284457438445,-115.48215934735968
21:36:56,21:36:56.152508,14.75,58.55,14.5994140625,58.2789453125,100,1021.4702168596659,-115.86774342578497
21:37:56,21:37:56.152499,14.5,58.1,14.573828125,58.232890624999996,100,1021.4987196102171,-115.67389026368627
21:38:56,21:38:56.152417,14.75,58.55,14.5482421875,58.1868359375,100,1021.4972204285789,-115.70605313282125
21:39:56,21:39:56.100584,14.5,58.1,14.5173828125,58.1312890625,100,1021.5061499014196,-116.03715821351122
21:40:56,21:40:56.152391,14.5,58.1,14.4865234375,58.0757421875,100,1021.5209238815628,-116.09751818212298
21:41:56,21:41:56.152373,14.5,58.1,14.47109375,58.047968749999995,100,1021.5717944529954,-116.25679746122366
21:42:56,21:42:56.152385,14.5,58.1,14.4404296875,57.992773437500006,100,1021.5982967227574,-116.3539860596439
21:43:56,21:43:56.152311,14.5,58.1,14.4146484375,57.9463671875,100,1021.595130605712,-116.24143101362208
21:44:56,21:44:56.152392,14.5,58.1,14.3837890625,57.8908203125,100,1021.6228923605714,-116.66740543120834
21:45:56,21:45:56.093590,14.5,58.1,14.358203125,57.844765625,100,1021.6487921107431,-116.75471988004834
21:46:56,21:46:56.152453,14.5,58.1,14.3171875,57.7709375,100,1021.6450195243186,-117.01758919463008
21:47:56,21:47:56.093553,14.25,57.650000000000006,14.2966796875,57.7340234375,100,1021.6423105247277,-117.01744883084328
21:48:56,21:48:56.095884,14.5,58.1,14.2708984375,57.687617187499995,100,1021.6452301512259,-116.76019213422644
21:49:56,21:49:56.106483,14.25,57.650000000000006,14.2349609375,57.622929687500005,100,1021.6480047760808,-116.87452808067097
21:50:56,21:50:56.093620,14.25,57.650000000000006,14.214453125,57.586015625,100,1021.6633318160403,-116.77152772063279
21:51:56,21:51:56.152323,14.25,57.650000000000006,14.178515625,57.521328125,100,1021.6404468911256,-117.03915696056835
21:52:56,21:52:56.093573,14.25,57.650000000000006,14.1630859375,57.4935546875,100,1021.6548336982781,-117.26974401070589
21:53:56,21:53:56.152439,14.25,57.650000000000006,14.14765625,57.465781250000006,100,1021.6619510863903,-117.19290716222405
21:54:56,21:54:56.109189,14.25,57.650000000000006,14.106640625,57.391953125,100,1021.68486940098,-117.04413986152929
21:55:56,21:55:56.094279,14.25,57.650000000000006,14.0912109375,57.3641796875,100,1021.6810991303989,-117.23019570199084
21:56:56,21:56:56.106485,14.25,57.650000000000006,14.070703125,57.327265624999995,100,1021.7494851361848,-117.40634107180868
21:57:56,21:57:56.096115,14.25,57.650000000000006,14.03984375,57.27171875,100,1021.7118209497469,-117.63307709660853
21:58:56,21:58:56.109945,14.25,57.650000000000006,14.0244140625,57.2439453125,100,1021.7155427241418,-117.62404500083223
21:59:56,21:59:56.093586,14.25,57.650000000000006,14.0142578125,57.2256640625,100,1021.6692364900379,-117.52988024321881
22:00:56,22:00:56.103884,14.25,57.650000000000006,13.9783203125,57.1609765625,100,1021.7057515871622,-117.52083003209616
22:01:56,22:01:56.095910,14.25,57.650000000000006,13.962890625,57.133203125,100,1021.7004358268392,-117.36329158486693
22:02:56,22:02:56.093601,14.0,57.2,13.9525390625,57.1145703125,100,1021.6566052062791,-117.33117961854751
22:03:56,22:03:56.093608,14.25,57.650000000000006,13.9373046875,57.0871484375,100,1021.6807999304431,-117.16416576882173
22:04:56,22:04:56.093600,14.25,57.650000000000006,13.926953125,57.068515625,100,1021.6927146560463,-117.46728292419289
22:05:56,22:05:56.152482,14.25,57.650000000000006,13.9166015625,57.0498828125,100,1021.684113390472,-117.59887850197599
22:06:56,22:06:56.152401,14.25,57.650000000000006,13.89609375,57.01296875,100,1021.7065616409635,-117.70331183956064
22:07:56,22:07:56.152415,14.25,57.650000000000006,13.8859375,56.9946875,100,1021.7201122073042,-117.76701315481499
22:08:56,22:08:56.152420,14.5,58.1,13.8705078125,56.966914062499995,100,1021.7611928004716,-118.00633510913008
22:09:56,22:09:56.152320,14.25,57.650000000000006,13.85,56.93,100,1021.7452329580445,-117.84787994630506
22:10:56,22:10:56.100278,14.25,57.650000000000006,13.8345703125,56.902226562500005,100,1021.7770782716547,-117.906563026605
22:11:56,22:11:56.152447,14.25,57.650000000000006,13.82421875,56.88359375,100,1021.7782083367706,-117.86664071892949
22:12:56,22:12:56.152390,14.25,57.650000000000006,13.8087890625,56.8558203125,100,1021.7688980209076,-117.87023077993567
22:13:56,22:13:56.093549,14.25,57.650000000000006,13.7986328125,56.8375390625,100,1021.7709685173053,-117.64109417188561
22:14:56,22:14:56.152446,14.25,57.650000000000006,13.7986328125,56.8375390625,100,1021.775978417762,-118.04821207897172
22:15:56,22:15:56.093721,14.25,57.650000000000006,13.7935546875,56.8283984375,100,1021.7780478644527,-118.11963852496015
22:16:56,22:16:56.152451,14.25,57.650000000000006,13.7935546875,56.8283984375,100,1021.8028099019252,-118.03821802932106
22:17:56,22:17:56.093598,14.25,57.650000000000006,13.778125,56.800625,100,1021.8163533658112,-118.17391851379635
22:18:56,22:18:56.152457,14.25,57.650000000000006,13.783203125,56.809765625,100,1021.8087621481885,-118.39603585584324
22:19:56,22:19:56.093551,14.25,57.650000000000006,13.7935546875,56.8283984375,100,1021.7841743478854,-118.12963381569539
22:20:56,22:20:56.103905,14.25,57.650000000000006,13.7986328125,56.8375390625,100,1021.7815003049697,-117.71252989799946
22:21:56,22:21:56.152447,14.25,57.650000000000006,13.7986328125,56.8375390625,100,1021.7716651101495,-118.14242768598143
22:22:56,22:22:56.152392,14.25,57.650000000000006,13.8037109375,56.8466796875,100,1021.7660508795848,-118.21027970125681
22:23:56,22:23:56.152394,14.25,57.650000000000006,13.8037109375,56.8466796875,100,1021.7770942172137,-117.86243718157193
22:24:56,22:24:56.152398,14.25,57.650000000000006,13.8140625,56.8653125,100,1021.7512979699998,-118.09314014740475
22:25:56,22:25:56.102477,14.25,57.650000000000006,13.7986328125,56.8375390625,100,1021.7705372600365,-117.72173566015793
22:26:56,22:26:56.152447,14.25,57.650000000000006,13.8087890625,56.8558203125,100,1021.7709685173053,-118.11029136111442
22:27:56,22:27:56.111323,14.25,57.650000000000006,13.7986328125,56.8375390625,100,1021.7633764281901,-117.97458674218414
22:28:56,22:28:56.110884,14.25,57.650000000000006,13.7986328125,56.8375390625,100,1021.7454379356177,-118.03885754073006
22:29:56,22:29:56.110294,14.25,57.650000000000006,13.7986328125,56.8375390625,100,1021.7573431361868,-118.08315057397611
22:30:56,22:30:56.104788,14.0,57.2,13.783203125,56.809765625,100,1021.7776176036542,-118.31961547685923
22:31:56,22:31:56.093551,14.25,57.650000000000006,13.78828125,56.81890625,100,1021.7573431361868,-118.05600971850608
22:32:56,22:32:56.097233,14.0,57.2,13.7935546875,56.8283984375,100,1021.768386712406,-117.89316315095519
22:33:56,22:33:56.152437,14.25,57.650000000000006,13.7935546875,56.8283984375,100,1021.7693293046656,-117.88037138275155
22:34:56,22:34:56.152384,14.25,57.650000000000006,13.7935546875,56.8283984375,100,1021.7667475136336,-117.92607832098227
22:35:56,22:35:56.093558,14.25,57.650000000000006,13.8037109375,56.8466796875,100,1021.752937181911,-117.93886907805904
22:36:56,22:36:56.152415,14.25,57.650000000000006,13.8087890625,56.8558203125,100,1021.7709685173053,-118.01951087864744
22:37:56,22:37:56.110407,14.0,57.2,13.8140625,56.8653125,100,1021.7638869563255,-117.99236919625686
22:38:56,22:38:56.093585,14.25,57.650000000000006,13.8294921875,56.893085937500004,100,1021.7491335658219,-117.51378280975358
22:39:56,22:39:56.152457,14.25,57.650000000000006,13.8294921875,56.893085937500004,100,1021.747061781823,-117.87942017369602
22:40:56,22:40:56.093550,14.25,57.650000000000006,13.8447265625,56.920507812500006,100,1021.7536189492987,-117.906563026605
22:41:56,22:41:56.093295,14.25,57.650000000000006,13.8447265625,56.920507812500006,100,1021.7836356050617,-117.88440780238354
22:42:56,22:42:56.093579,14.25,57.650000000000006,13.855078125,56.939140625,100,1021.7627572111742,-117.71656162127528
22:43:56,22:43:56.152431,14.25,57.650000000000006,13.855078125,56.939140625,100,1021.7644715462998,-118.14285808103196
22:44:56,22:44:56.093536,14.25,57.650000000000006,13.8654296875,56.9577734375,100,1021.7938851935951,-118.16919991859164
22:45:56,22:45:56.152445,14.25,57.650000000000006,13.8654296875,56.9577734375,100,1021.7856881884944,-118.12848394686068
22:46:56,22:46:56.093564,14.25,57.650000000000006,13.8859375,56.9946875,100,1021.7955245948139,-118.23625525197345
22:47:56,22:47:56.152437,14.5,58.1,13.891015625,57.003828125,100,1021.7857602565751,-118.05620392199577
22:48:56,22:48:56.113501,14.25,57.650000000000006,13.89609375,57.01296875,100,1021.7923181276487,-118.24540647366925
22:49:56,22:49:56.093596,14.5,58.1,13.9064453125,57.0316015625,100,1021.793860962065,-118.15537597491756
22:50:56,22:50:56.152441,14.5,58.1,13.9166015625,57.0498828125,100,1021.7943657156161,-118.10524009738384
22:51:56,22:51:56.093757,14.5,58.1,13.926953125,57.068515625,100,1021.7971105218427,-117.97945259841079
22:52:56,22:52:56.152416,14.5,58.1,13.9373046875,57.0871484375,100,1021.7577604070968,-117.8165689707662
22:53:56,22:53:56.152358,14.5,58.1,13.9578125,57.1240625,100,1021.7632802374224,-117.7256850485726
22:54:56,22:54:56.152372,14.5,58.1,13.96796875,57.14234375,100,1021.747385226701,-117.93342548786055
22:55:56,22:55:56.152351,14.5,58.1,13.9732421875,57.151835937499996,100,1021.7386473119346,-117.51757779714738
22:56:56,22:56:56.093631,14.5,58.1,13.99375,57.18875,100,1021.7254282234062,-117.41222593215177
22:57:56,22:57:56.151767,14.5,58.1,14.00390625,57.20703125,100,1021.700391644128,-117.2999555057688
22:58:56,22:58:56.093582,14.5,58.1,14.0244140625,57.2439453125,100,1021.7014869221011,-117.29908788333891
22:59:56,22:59:56.152224,14.5,58.1,14.034765625,57.262578125000005,100,1021.7156993422915,-117.81043925582911
23:00:56,23:00:56.152114,14.5,58.1,14.0501953125,57.2903515625,100,1021.68946169867,-117.18592674539188
23:01:56,23:01:56.152162,14.5,58.1,14.0603515625,57.3086328125,100,1021.6778777447996,-116.91844739341192
23:02:56,23:02:56.152190,14.5,58.1,14.065625,57.318125,100,1021.6767302747284,-117.09900779888127
23:03:56,23:03:56.152216,14.5,58.1,14.0810546875,57.3458984375,100,1021.7182207174992,-117.4338608744346
23:04:56,23:04:56.152301,14.5,58.1,14.0912109375,57.3641796875,100,1021.6795656786904,-117.69094060970464
23:05:56,23:05:56.151940,14.75,58.55,14.106640625,57.391953125,100,1021.6696193232548,-117.27003144793207
23:06:56,23:06:56.101607,14.75,58.55,14.11171875,57.40109375,100,1021.6936666511195,-117.19843781232306
23:07:56,23:07:56.152440,14.75,58.55,14.1322265625,57.438007812500004,100,1021.6663830666438,-117.35182973830048
23:08:56,23:08:56.152355,14.75,58.55,14.1322265625,57.438007812500004,100,1021.6612457475832,-117.47806162305866
23:09:56,23:09:56.100091,14.75,58.55,14.1630859375,57.4935546875,100,1021.6804795697417,-117.31913188661765
23:10:56,23:10:56.106828,14.75,58.55,14.1734375,57.512187499999996,100,1021.6635202508062,-117.2145023324733
23:11:56,23:11:56.094374,14.75,58.55,14.1888671875,57.5399609375,100,1021.6836877350486,-117.11571418085794
23:12:56,23:12:56.093764,14.75,58.55,14.1939453125,57.5491015625,100,1021.700685562,-117.3999607071799
23:13:56,23:13:56.104288,14.75,58.55,14.2041015625,57.5673828125,100,1021.7044506298203,-117.30116683797247
23:14:56,23:14:56.110552,14.75,58.55,14.2248046875,57.6046484375,100,1021.69121681785,-117.46811345655641
23:15:56,23:15:56.111107,14.75,58.55,14.214453125,57.586015625,100,1021.7289436155073,-117.63013790838103
23:16:56,23:16:56.152402,14.75,58.55,14.2248046875,57.6046484375,100,1021.7245061926141,-117.9328839965606
23:17:56,23:17:56.152387,14.75,58.55,14.2400390625,57.6320703125,100,1021.7470207102909,-117.74861972151191
23:18:56,23:18:56.093554,14.75,58.55,14.2453125,57.641562500000006,100,1021.7803112102149,-118.0921057626197
23:19:56,23:19:56.108954,14.75,58.55,14.25546875,57.65984375,100,1021.7387064487637,-117.82541365930618
23:20:56,23:20:56.093562,14.75,58.55,14.2607421875,57.6693359375,100,1021.7409414983606,-117.88745347121882
23:21:56,23:21:56.093590,14.75,58.55,14.2658203125,57.6784765625,100,1021.7949626764904,-118.20964119704723
23:22:56,23:22:56.152400,14.75,58.55,14.2708984375,57.687617187499995,100,1021.7971979118956,-118.33958352913793
23:23:56,23:23:56.152394,14.75,58.55,14.2759765625,57.696757812499996,100,1021.8535682843157,-118.65684961656248
23:24:56,23:24:56.108977,14.75,58.55,14.28125,57.70625,100,1021.8654219549621,-118.63952377123297
23:25:56,23:25:56.104195,14.75,58.55,14.2966796875,57.7340234375,100,1021.867657130256,-118.98300408336007
23:26:56,23:26:56.093609,14.75,58.55,14.3171875,57.7709375,100,1021.892152472016,-119.07711937028989
23:27:56,23:27:56.152448,14.75,58.55,14.32734375,57.78921875,100,1021.9464353711866,-119.10428028244861
23:28:56,23:28:56.152383,14.75,58.55,14.3376953125,57.8078515625,100,1021.8839780669728,-119.09957560454797
23:29:56,23:29:56.152357,14.75,58.55,14.353125,57.835625,100,1021.9403541861295,-119.2344282867392
23:30:56,23:30:56.155678,14.75,58.55,14.3685546875,57.863398437499995,100,1021.9113020129021,-119.21708743530579
23:31:56,23:31:56.152406,14.75,58.55,14.3736328125,57.872539062499996,100,1021.9036922448765,-119.25686857432282
23:32:56,23:32:56.093582,14.75,58.55,14.3837890625,57.8908203125,100,1021.9150620800126,-119.07066337918275
23:33:56,23:33:56.093704,14.75,58.55,14.3890625,57.9003125,100,1021.8894036306154,-119.206481770906
23:34:56,23:34:56.152380,14.75,58.55,14.4044921875,57.9280859375,100,1021.9270252049772,-119.22889703501167
23:35:56,23:35:56.152397,14.75,58.55,14.39921875,57.91859375,100,1021.8575199796585,-118.7729766292693
23:36:56,23:36:56.104357,14.75,58.55,14.4044921875,57.9280859375,100,1021.8827243475649,-119.00387884850726
23:37:56,23:37:56.109237,14.75,58.55,14.4095703125,57.9372265625,100,1021.8646758639677,-118.4285082803918
23:38:56,23:38:56.097628,14.75,58.55,14.39921875,57.91859375,100,1021.869142873947,-118.76709341491235
23:39:56,23:39:56.152294,14.5,58.1,14.39921875,57.91859375,100,1021.8449866182906,-118.67299866482432
23:40:56,23:40:56.152366,14.5,58.1,14.394140625,57.909453125,100,1021.823773889794,-118.55453788691801
23:41:56,23:41:56.152426,14.5,58.1,14.3837890625,57.8908203125,100,1021.7799297419425,-118.40611050566164
23:42:56,23:42:56.093674,14.5,58.1,14.3787109375,57.8816796875,100,1021.874043785041,-118.74566861298983
23:43:56,23:43:56.152403,14.5,58.1,14.3787109375,57.8816796875,100,1021.8078218879498,-118.56909973176309
23:44:56,23:44:56.152377,14.5,58.1,14.3736328125,57.872539062499996,100,1021.8275104731459,-118.59723945920265
23:45:56,23:45:56.152392,14.5,58.1,14.3685546875,57.863398437499995,100,1021.8111033181523,-118.44783561334863
23:46:56,23:46:56.093641,14.5,58.1,14.358203125,57.844765625,100,1021.8046571603164,-118.20713057508534
23:47:56,23:47:56.152463,14.5,58.1,14.358203125,57.844765625,100,1021.7892980983181,-118.07130626300919
23:48:56,23:48:56.152396,14.5,58.1,14.3478515625,57.826132812500006,100,1021.8025395605563,-118.06737870677681
23:49:56,23:49:56.131760,14.5,58.1,14.3376953125,57.8078515625,100,1021.773462339132,-118.0537965099603
23:50:56,23:50:56.152593,14.5,58.1,14.3376953125,57.8078515625,100,1021.7680627876289,-118.17113004027763
23:51:56,23:51:56.152131,14.5,58.1,14.32734375,57.78921875,100,1021.7582193128329,-118.11777042344555
23:52:56,23:52:56.152231,14.5,58.1,14.3119140625,57.7614453125,100,1021.738532370405,-117.7461508511472
23:53:56,23:53:56.152281,14.5,58.1,14.3119140625,57.7614453125,100,1021.7844685842624,-117.75579404967665
23:54:56,23:54:56.093631,14.25,57.650000000000006,14.3068359375,57.7523046875,100,1021.8134051359884,-118.1079540782372
23:55:56,23:55:56.152440,14.5,58.1,14.3068359375,57.7523046875,100,1021.7796617311143,-117.86444793526853
23:56:56,23:56:56.152414,14.5,58.1,14.3068359375,57.7523046875,100,1021.8166862719384,-118.25830909184451
23:57:56,23:57:56.152441,14.5,58.1,14.2966796875,57.7340234375,100,1021.8244087323715,-118.4978532637587
23:58:56,23:58:56.152418,14.25,57.650000000000006,14.286328125,57.715390625,100,1021.8507700163304,-118.51729887313411
23:59:56,23:59:56.152479,14.5,58.1,14.286328125,57.715390625,100,1021.8524105184816,-118.74230416645442
00:00:56,00:00:56.152505,14.25,57.650000000000006,14.28125,57.70625,100,1021.8470064370365,-118.79756999048287
00:01:56,00:01:56.152502,14.5,58.1,14.2759765625,57.696757812499996,100,1021.884737073384,-118.90995010822937
00:02:56,00:02:56.152509,14.5,58.1,14.28125,57.70625,100,1021.8716133698055,-118.8420509071614
00:03:56,00:03:56.099355,14.5,58.1,14.2759765625,57.696757812499996,100,1021.8825012152614,-119.32226015572456
00:04:56,00:04:56.093607,14.25,57.650000000000006,14.2708984375,57.687617187499995,100,1021.8972652667421,-119.014596961696
00:05:56,00:05:56.093609,14.5,58.1,14.2708984375,57.687617187499995,100,1021.8808607654287,-118.89730544384132
00:06:56,00:06:56.097532,14.5,58.1,14.2658203125,57.6784765625,100,1021.8081981125574,-118.53065028769167
00:07:56,00:07:56.107298,14.5,58.1,14.2607421875,57.6693359375,100,1021.855658745506,-118.70812407086746
00:08:56,00:08:56.152474,14.25,57.650000000000006,14.2607421875,57.6693359375,100,1021.8289280275825,-118.66738518103841
00:09:56,00:09:56.103804,14.25,57.650000000000006,14.25546875,57.65984375,100,1021.8617359241649,-118.66738518103841
00:10:56,00:10:56.110008,14.25,57.650000000000006,14.250390625,57.650703125,100,1021.8372408213971,-118.88465748141755
00:11:56,00:11:56.103470,14.0,57.2,14.2400390625,57.6320703125,100,1021.8218818854713,-118.73901445934449
00:12:56,00:12:56.097721,14.0,57.2,14.2298828125,57.613789062500004,100,1021.8476413718038,-119.0056704936208
00:13:56,00:13:56.103057,14.0,57.2,14.2248046875,57.6046484375,100,1021.8738864101678,-118.66804102118712
00:14:56,00:14:56.149502,14.0,57.2,14.2041015625,57.5673828125,100,1021.8776142544366,-118.59120453686567
00:15:56,00:15:56.101774,14.25,57.650000000000006,14.1990234375,57.5582421875,100,1021.8581477432973,-118.74056735261213
00:16:56,00:16:56.112284,14.0,57.2,14.18359375,57.53046875,100,1021.8761903239252,-118.84516606654539
00:17:56,00:17:56.093558,14.0,57.2,14.1681640625,57.5026953125,100,1021.8875202776177,-118.53254586884756
00:18:56,00:18:56.152078,14.0,57.2,14.1580078125,57.4844140625,100,1021.8352486425943,-118.37051346572471
00:19:56,00:19:56.152254,14.0,57.2,14.1529296875,57.4752734375,100,1021.8160123050033,-118.4692541725916
00:20:56,00:20:56.152366,14.0,57.2,14.1322265625,57.438007812500004,100,1021.8335618368349,-118.48372374938084
00:21:56,00:21:56.152377,13.75,56.75,14.11171875,57.40109375,100,1021.8379892590789,-118.75982804829916
00:22:56,00:22:56.152385,13.75,56.75,14.106640625,57.391953125,100,1021.8324708492113,-118.43767449254076
00:23:56,00:23:56.152374,13.75,56.75,14.0861328125,57.3550390625,100,1021.7888435993669,-118.11271699828771
00:24:56,00:24:56.152330,16.0,60.8,14.0861328125,57.3550390625,100,1021.8051387397044,-118.17565246928064
